Workbook
Name \0: #REF!
Name \0: #REF!
Name \01: #REF!
Name \01: #REF!
Name \a: #REF!
Name \a: #REF!
Name \b: #REF!
Name \c: #REF!
Name \d: #REF!
Name \e: #REF!
Name \f: #REF!
Name \f: #N/A
Name \g: #REF!
Name \g: #N/A
Name \h: #REF!
Name \h: #N/A
Name \i: #REF!
Name \j: #N/A
Name \k: #REF!
Name \m: #N/A
Name \n: #REF!
Name \o: #REF!
Name \p: #REF!
Name \Q: #REF!
Name \r: #N/A
Name \s: #REF!
Name \s: #N/A
Name \t: #N/A
Name \u: #REF!
Name \u: #N/A
Name \v: #N/A
Name \w: #N/A
Name \x: #REF!
Name \x: #N/A
Name \y: #REF!
Name \Z: #REF!
Name \z1: #REF!
Name ___________ADD1: #REF!
Name ___________ADD1: #REF!
Name ___________add12: #REF!
Name ___________add12: #REF!
Name ___________ADD2: #REF!
Name ___________ADD2: #REF!
Name ___________PP2: #REF!
Name ___________PP2: #REF!
Name __________ADD1: #REF!
Name __________ADD1: #REF!
Name __________add12: #REF!
Name __________add12: #REF!
Name __________ADD2: #REF!
Name __________ADD2: #REF!
Name __________PP2: #REF!
Name __________PP2: #REF!
Name _________ADD1: #REF!
Name _________ADD1: #REF!
Name _________add12: #REF!
Name _________add12: #REF!
Name _________ADD2: #REF!
Name _________ADD2: #REF!
Name _________PP1: #REF!

Sheet Programacion
H2: REGISTRO DE AVANCE Y PROGRAMACIÓN DIARIO DE OBRA PROYECTO LINEA DE TRANSMISION A 230kV San Felipe - Puerta de Oro | T2: NO. EDICIÓN: 4 FECHA DE EDICIÓN 1/02/2023
AC4: .
B7: EDICIÓN: 2 EDICIÓN: 3 EDICIÓN: 4 | H7: FECHA DEL CAMBIO: 26/10/2021 FECHA DEL CAMBIO: 29/10/2021 FECHA DEL CAMBIO: 1/02/2023 | T7: ASUNTO DEL CAMBIO: Se modifica el encabezado y se integra dentro del SGI. ASUNTO DEL CAMBIO: Se incluye el espacio para las observaciones por parte de control de obra. ASUNTO DEL CAMBIO: Se incluye espacio para reporte de instalación de puentes y entrega al CTE
B9: DESCRIPCIÓN DE EJECUTADO | M9: =TEXT(O9,"dddd") -> domingo | O9: 46054 | R9: DESCRIPCIÓN PROGRAMADO | U9: =TEXT(Z9,"dddd") -> lunes | Z9: =O9+1 -> 46055
B11: 1. SUMINISTROS | AA11: OBSERVACIONES CONTROL DE OBRA
B12: ÍTEM | C12: ACTIVIDAD | H12: ACUMULADO | J12: DESCRIPCIÓN DE EJECUTADO | R12: DESCRIPCIÓN PROGRAMADO
B13: 1.1 | C13: Recepción de Stub | H13: 1
B14: 1.2 | C14: Recepción de Estructura | H14: =(64/64)*100% -> 1 | R14: OB. COMPLEMENTARIAS
B15: 1.3 | C15: Recepción de cable Conductor y herrajes | H15: 1
B16: 1.4 | C16: Recepción de cable OPGW | H16: 1
B17: 1.5 | C17: Recepción y despacho de materiales | H17: =+SUM('Seg Diario'!HS13:HS76)/64 -> 1
B19: 2. PRELIMINARES | AA19: OBSERVACIONES CONTROL DE OBRA
B20: ÍTEM | C20: ACTIVIDAD | H20: ACUMULADO | J20: DESCRIPCIÓN DE EJECUTADO | O20: =O9 -> 46054 | R20: DESCRIPCIÓN PROGRAMADO | U20: =Z9 -> 46055 | V20: OBSERVACIONES | AB20: EJECUTADO | AC20: PROGRMADO
B21: 2.1 | C21: LIBERACIÓN PREDIAL CLIENTE PDO | H21: ='SOCIO-PREDIAL'!V71 -> 1
B22: 2.2 | C22: ACTA DE VECINDAD CLIENTE PDO | H22: ='SOCIO-PREDIAL'!N71 -> 1
B23: 2.3 | C23: LIBERACION PARA CONSTRUCCION - CLIENTE PDO | H23: ='SOCIO-PREDIAL'!Z71 -> 1
B24: 2.4 | C24: REPLANTEO TOPOGRÁFICO | H24: ='Seg Diario'!BB79 -> 1
B25: 2.5 | C25: PROBLEMAS TÉCNICOS
B26: 2.6 | C26: AHUYENTAMIENTO / FLORA / FAUNA | H26: ='Seg Diario'!PA79 -> 1
B27: 2.7 | C27: APROVECHAMIENTO FORESTAL SITIO DE TORRE | H27: ='Seg Diario'!PD79 -> 1
B28: 2.8 | C28: ARQUEOLOGIA | H28: ='Seg Diario'!PJ79 -> 1
B29: 2.9 | C29: APROVECHAMIENTO FORESTAL VANO | H29: ='SOCIO-AMBIENTAL'!Y71 -> 1
B30: 2.1 | C30: ADECUACIÓN ACCESOS | H30: ='SOCIO-AMBIENTAL'!S71 -> 0
B31: 2.11 | C31: ADECUACIONES PATIO | H31: 1
B32: 2.12 | C32: MARCACIÓN | H32: ='Seg Diario'!BF79 -> 1
B35: 3. OBRA CIVIL | AA35: OBSERVACIONES CONTROL DE OBRA
B36: No TORRE | C36: TIPO | D36: CIMENTACIÓN | E36: MARCACIÓN | F36: APROVECHAMIENTO FORESTAL | G36: PATA | H36: EXCAVACIÓN | I36: SOLADO | J36: PILOTES HELICOIDALES | K36: ACERO REFUERZO y/o ARMADO PARRILLA | L36: NIVELACIÓN | M36: VACIADO | N36: SPT BASE | O36: COMPACTACIÓN | P36: SPT MÓDULOS | Q36: OBRA COMPLEMENTARIA | R36: OBSERVACIONES EJECUTADO | V36: DESCRIPCIÓN PROGRAMADO | Z36: =+U20 -> 46055 | AB36: EJECUTADO | AC36: PROGRAMADO
A38: T001 | B38: T1 | C38: D6 | D38: HELICOIDAL | E38: ='Seg Diario'!BF12 -> 0 | F38: ='Seg Diario'!PD12 -> 0 | G38: A | H38: =VLOOKUP($A38,'Seg Diario'!$B$12:$HJ$76,64,FALSE) -> 1 | I38: =VLOOKUP($A38,'Seg Diario'!$B$12:$HJ$76,79,FALSE) -> 1 | J38: =VLOOKUP($A38,'Seg Diario'!$B$12:$HJ$76,94,FALSE) -> 1 | K38: =VLOOKUP($A38,'Seg Diario'!$B$12:$HJ$76,109,FALSE) -> 1 | L38: =VLOOKUP($A38,'Seg Diario'!$B$12:$HJ$76,124,FALSE) -> 1 | M38: =VLOOKUP($A38,'Seg Diario'!$B$12:$HJ$76,139,FALSE) -> 1 | N38: =VLOOKUP($A38,'Seg Diario'!$B$12:$HJ$76,184,FALSE) -> 1 | O38: =VLOOKUP($A38,'Seg Diario'!$B$12:$HJ$76,169,FALSE) -> 1 | P38: =VLOOKUP($A38,'Seg Diario'!$B$12:$HJ$76,204,FALSE) -> 1 | AC38: CRUZ
A39: T001 | G39: B | H39: =VLOOKUP($A38,'Seg Diario'!$B$12:$HJ$76,67,FALSE) -> 1 | I39: =VLOOKUP($A39,'Seg Diario'!$B$12:$HJ$76,82,FALSE) -> 1 | J39: =VLOOKUP($A39,'Seg Diario'!$B$12:$HJ$76,97,FALSE) -> 1 | K39: =VLOOKUP($A39,'Seg Diario'!$B$12:$HJ$76,112,FALSE) -> 1 | L39: =VLOOKUP($A39,'Seg Diario'!$B$12:$HJ$76,127,FALSE) -> 1 | M39: =VLOOKUP($A39,'Seg Diario'!$B$12:$HJ$76,142,FALSE) -> 1 | N39: =VLOOKUP($A39,'Seg Diario'!$B$12:$HJ$76,187,FALSE) -> 1 | O39: =VLOOKUP($A39,'Seg Diario'!$B$12:$HJ$76,172,FALSE) -> 1 | P39: =VLOOKUP($A39,'Seg Diario'!$B$12:$HJ$76,207,FALSE) -> 1
A40: T001 | G40: C | H40: =VLOOKUP($A38,'Seg Diario'!$B$12:$HJ$76,70,FALSE) -> 1 | I40: =VLOOKUP($A40,'Seg Diario'!$B$12:$HJ$76,85,FALSE) -> 1 | J40: =VLOOKUP($A40,'Seg Diario'!$B$12:$HJ$76,100,FALSE) -> 1 | K40: =VLOOKUP($A40,'Seg Diario'!$B$12:$HJ$76,115,FALSE) -> 1 | L40: =VLOOKUP($A40,'Seg Diario'!$B$12:$HJ$76,130,FALSE) -> 1 | M40: =VLOOKUP($A40,'Seg Diario'!$B$12:$HJ$76,145,FALSE) -> 1 | N40: =VLOOKUP($A40,'Seg Diario'!$B$12:$HJ$76,190,FALSE) -> 1 | O40: =VLOOKUP($A40,'Seg Diario'!$B$12:$HJ$76,175,FALSE) -> 1 | P40: =VLOOKUP($A40,'Seg Diario'!$B$12:$HJ$76,210,FALSE) -> 1
A41: T001 | G41: D | H41: =VLOOKUP($A38,'Seg Diario'!$B$12:$HJ$76,73,FALSE) -> 1 | I41: =VLOOKUP($A41,'Seg Diario'!$B$12:$HJ$76,88,FALSE) -> 1 | J41: =VLOOKUP($A41,'Seg Diario'!$B$12:$HJ$76,103,FALSE) -> 1 | K41: =VLOOKUP($A41,'Seg Diario'!$B$12:$HJ$76,118,FALSE) -> 1 | L41: =VLOOKUP($A41,'Seg Diario'!$B$12:$HJ$76,133,FALSE) -> 1 | M41: =VLOOKUP($A41,'Seg Diario'!$B$12:$HJ$76,148,FALSE) -> 1 | N41: =VLOOKUP($A41,'Seg Diario'!$B$12:$HJ$76,193,FALSE) -> 1 | O41: =VLOOKUP($A41,'Seg Diario'!$B$12:$HJ$76,178,FALSE) -> 1 | P41: =VLOOKUP($A41,'Seg Diario'!$B$12:$HJ$76,213,FALSE) -> 1
A42: T002 | B42: T2 | C42: B4 | D42: HELICOIDAL | E42: ='Seg Diario'!BF13 -> 1 | F42: ='Seg Diario'!PD13 -> 0 | G42: A | H42: =VLOOKUP($A42,'Seg Diario'!$B$12:$HJ$76,64,FALSE) -> 1 | I42: =VLOOKUP($A42,'Seg Diario'!$B$12:$HJ$76,79,FALSE) -> 1 | J42: =VLOOKUP($A42,'Seg Diario'!$B$12:$HJ$76,94,FALSE) -> 0 | K42: =VLOOKUP($A42,'Seg Diario'!$B$12:$HJ$76,109,FALSE) -> 1 | L42: =VLOOKUP($A42,'Seg Diario'!$B$12:$HJ$76,124,FALSE) -> 1 | M42: =VLOOKUP($A42,'Seg Diario'!$B$12:$HJ$76,139,FALSE) -> 1 | N42: =VLOOKUP($A42,'Seg Diario'!$B$12:$HJ$76,184,FALSE) -> 1 | O42: =VLOOKUP($A42,'Seg Diario'!$B$12:$HJ$76,169,FALSE) -> 1 | P42: =VLOOKUP($A42,'Seg Diario'!$B$12:$HJ$76,204,FALSE) -> 1 | AC42: WILSON
A43: T002 | G43: B | H43: =VLOOKUP($A42,'Seg Diario'!$B$12:$HJ$76,67,FALSE) -> 1 | I43: =VLOOKUP($A43,'Seg Diario'!$B$12:$HJ$76,82,FALSE) -> 1 | J43: =VLOOKUP($A43,'Seg Diario'!$B$12:$HJ$76,97,FALSE) -> 0 | K43: =VLOOKUP($A43,'Seg Diario'!$B$12:$HJ$76,112,FALSE) -> 1 | L43: =VLOOKUP($A43,'Seg Diario'!$B$12:$HJ$76,127,FALSE) -> 1 | M43: =VLOOKUP($A43,'Seg Diario'!$B$12:$HJ$76,142,FALSE) -> 1 | N43: =VLOOKUP($A43,'Seg Diario'!$B$12:$HJ$76,187,FALSE) -> 1 | O43: =VLOOKUP($A43,'Seg Diario'!$B$12:$HJ$76,172,FALSE) -> 1 | P43: =VLOOKUP($A43,'Seg Diario'!$B$12:$HJ$76,207,FALSE) -> 1
A44: T002 | G44: C | H44: =VLOOKUP($A42,'Seg Diario'!$B$12:$HJ$76,70,FALSE) -> 1 | I44: =VLOOKUP($A44,'Seg Diario'!$B$12:$HJ$76,85,FALSE) -> 1 | J44: =VLOOKUP($A44,'Seg Diario'!$B$12:$HJ$76,100,FALSE) -> 0 | K44: =VLOOKUP($A44,'Seg Diario'!$B$12:$HJ$76,115,FALSE) -> 1 | L44: =VLOOKUP($A44,'Seg Diario'!$B$12:$HJ$76,130,FALSE) -> 1 | M44: =VLOOKUP($A44,'Seg Diario'!$B$12:$HJ$76,145,FALSE) -> 1 | N44: =VLOOKUP($A44,'Seg Diario'!$B$12:$HJ$76,190,FALSE) -> 1 | O44: =VLOOKUP($A44,'Seg Diario'!$B$12:$HJ$76,175,FALSE) -> 1 | P44: =VLOOKUP($A44,'Seg Diario'!$B$12:$HJ$76,210,FALSE) -> 1
A45: T002 | G45: D | H45: =VLOOKUP($A42,'Seg Diario'!$B$12:$HJ$76,73,FALSE) -> 1 | I45: =VLOOKUP($A45,'Seg Diario'!$B$12:$HJ$76,88,FALSE) -> 1 | J45: =VLOOKUP($A45,'Seg Diario'!$B$12:$HJ$76,103,FALSE) -> 0 | K45: =VLOOKUP($A45,'Seg Diario'!$B$12:$HJ$76,118,FALSE) -> 1 | L45: =VLOOKUP($A45,'Seg Diario'!$B$12:$HJ$76,133,FALSE) -> 1 | M45: =VLOOKUP($A45,'Seg Diario'!$B$12:$HJ$76,148,FALSE) -> 1 | N45: =VLOOKUP($A45,'Seg Diario'!$B$12:$HJ$76,193,FALSE) -> 1 | O45: =VLOOKUP($A45,'Seg Diario'!$B$12:$HJ$76,178,FALSE) -> 1 | P45: =VLOOKUP($A45,'Seg Diario'!$B$12:$HJ$76,213,FALSE) -> 1
A46: T003 | B46: T3 | C46: B4 | D46: HELICOIDAL | E46: ='Seg Diario'!BF14 -> 1 | F46: ='Seg Diario'!PD14 -> 0 | G46: A | H46: =VLOOKUP($A46,'Seg Diario'!$B$12:$HJ$76,64,FALSE) -> 1 | I46: =VLOOKUP($A46,'Seg Diario'!$B$12:$HJ$76,79,FALSE) -> 1 | J46: =VLOOKUP($A46,'Seg Diario'!$B$12:$HJ$76,94,FALSE) -> 1 | K46: =VLOOKUP($A46,'Seg Diario'!$B$12:$HJ$76,109,FALSE) -> 1 | L46: =VLOOKUP($A46,'Seg Diario'!$B$12:$HJ$76,124,FALSE) -> 1 | M46: =VLOOKUP($A46,'Seg Diario'!$B$12:$HJ$76,139,FALSE) -> 1 | N46: =VLOOKUP($A46,'Seg Diario'!$B$12:$HJ$76,184,FALSE) -> 1 | O46: =VLOOKUP($A46,'Seg Diario'!$B$12:$HJ$76,169,FALSE) -> 1 | P46: =VLOOKUP($A46,'Seg Diario'!$B$12:$HJ$76,204,FALSE) -> 1 | AC46: ANGEL
A47: T003 | G47: B | H47: =VLOOKUP($A46,'Seg Diario'!$B$12:$HJ$76,67,FALSE) -> 1 | I47: =VLOOKUP($A47,'Seg Diario'!$B$12:$HJ$76,82,FALSE) -> 1 | J47: =VLOOKUP($A47,'Seg Diario'!$B$12:$HJ$76,97,FALSE) -> 1 | K47: =VLOOKUP($A47,'Seg Diario'!$B$12:$HJ$76,112,FALSE) -> 1 | L47: =VLOOKUP($A47,'Seg Diario'!$B$12:$HJ$76,127,FALSE) -> 1 | M47: =VLOOKUP($A47,'Seg Diario'!$B$12:$HJ$76,142,FALSE) -> 1 | N47: =VLOOKUP($A47,'Seg Diario'!$B$12:$HJ$76,187,FALSE) -> 1 | O47: =VLOOKUP($A47,'Seg Diario'!$B$12:$HJ$76,172,FALSE) -> 1 | P47: =VLOOKUP($A47,'Seg Diario'!$B$12:$HJ$76,207,FALSE) -> 1
A48: T003 | G48: C | H48: =VLOOKUP($A46,'Seg Diario'!$B$12:$HJ$76,70,FALSE) -> 1 | I48: =VLOOKUP($A48,'Seg Diario'!$B$12:$HJ$76,85,FALSE) -> 1 | J48: =VLOOKUP($A48,'Seg Diario'!$B$12:$HJ$76,100,FALSE) -> 1 | K48: =VLOOKUP($A48,'Seg Diario'!$B$12:$HJ$76,115,FALSE) -> 1 | L48: =VLOOKUP($A48,'Seg Diario'!$B$12:$HJ$76,130,FALSE) -> 1 | M48: =VLOOKUP($A48,'Seg Diario'!$B$12:$HJ$76,145,FALSE) -> 1 | N48: =VLOOKUP($A48,'Seg Diario'!$B$12:$HJ$76,190,FALSE) -> 1 | O48: =VLOOKUP($A48,'Seg Diario'!$B$12:$HJ$76,175,FALSE) -> 1 | P48: =VLOOKUP($A48,'Seg Diario'!$B$12:$HJ$76,210,FALSE) -> 1
A49: T003 | G49: D | H49: =VLOOKUP($A46,'Seg Diario'!$B$12:$HJ$76,73,FALSE) -> 1 | I49: =VLOOKUP($A49,'Seg Diario'!$B$12:$HJ$76,88,FALSE) -> 1 | J49: =VLOOKUP($A49,'Seg Diario'!$B$12:$HJ$76,103,FALSE) -> 1 | K49: =VLOOKUP($A49,'Seg Diario'!$B$12:$HJ$76,118,FALSE) -> 1 | L49: =VLOOKUP($A49,'Seg Diario'!$B$12:$HJ$76,133,FALSE) -> 1 | M49: =VLOOKUP($A49,'Seg Diario'!$B$12:$HJ$76,148,FALSE) -> 1 | N49: =VLOOKUP($A49,'Seg Diario'!$B$12:$HJ$76,193,FALSE) -> 1 | O49: =VLOOKUP($A49,'Seg Diario'!$B$12:$HJ$76,178,FALSE) -> 1 | P49: =VLOOKUP($A49,'Seg Diario'!$B$12:$HJ$76,213,FALSE) -> 1
A50: T004 | B50: T4 | C50: D4 | D50: HELICOIDAL | E50: ='Seg Diario'!BF15 -> 1 | F50: ='Seg Diario'!PD15 -> 0 | G50: A | H50: =VLOOKUP($A50,'Seg Diario'!$B$12:$HJ$76,64,FALSE) -> 1 | I50: =VLOOKUP($A50,'Seg Diario'!$B$12:$HJ$76,79,FALSE) -> 1 | J50: =VLOOKUP($A50,'Seg Diario'!$B$12:$HJ$76,94,FALSE) -> 1 | K50: =VLOOKUP($A50,'Seg Diario'!$B$12:$HJ$76,109,FALSE) -> 1 | L50: =VLOOKUP($A50,'Seg Diario'!$B$12:$HJ$76,124,FALSE) -> 1 | M50: =VLOOKUP($A50,'Seg Diario'!$B$12:$HJ$76,139,FALSE) -> 1 | N50: =VLOOKUP($A50,'Seg Diario'!$B$12:$HJ$76,184,FALSE) -> 1 | O50: =VLOOKUP($A50,'Seg Diario'!$B$12:$HJ$76,169,FALSE) -> 1 | P50: =VLOOKUP($A50,'Seg Diario'!$B$12:$HJ$76,204,FALSE) -> 1 | Q50: ='Seg Diario'!NI16 -> 1 | AC50: MECT
A51: T004 | G51: B | H51: =VLOOKUP($A50,'Seg Diario'!$B$12:$HJ$76,67,FALSE) -> 1 | I51: =VLOOKUP($A51,'Seg Diario'!$B$12:$HJ$76,82,FALSE) -> 1 | J51: =VLOOKUP($A51,'Seg Diario'!$B$12:$HJ$76,97,FALSE) -> 1 | K51: =VLOOKUP($A51,'Seg Diario'!$B$12:$HJ$76,112,FALSE) -> 1 | L51: =VLOOKUP($A51,'Seg Diario'!$B$12:$HJ$76,127,FALSE) -> 1 | M51: =VLOOKUP($A51,'Seg Diario'!$B$12:$HJ$76,142,FALSE) -> 1 | N51: =VLOOKUP($A51,'Seg Diario'!$B$12:$HJ$76,187,FALSE) -> 1 | O51: =VLOOKUP($A51,'Seg Diario'!$B$12:$HJ$76,172,FALSE) -> 1 | P51: =VLOOKUP($A51,'Seg Diario'!$B$12:$HJ$76,207,FALSE) -> 1
A52: T004 | G52: C | H52: =VLOOKUP($A50,'Seg Diario'!$B$12:$HJ$76,70,FALSE) -> 1 | I52: =VLOOKUP($A52,'Seg Diario'!$B$12:$HJ$76,85,FALSE) -> 1 | J52: =VLOOKUP($A52,'Seg Diario'!$B$12:$HJ$76,100,FALSE) -> 1 | K52: =VLOOKUP($A52,'Seg Diario'!$B$12:$HJ$76,115,FALSE) -> 1 | L52: =VLOOKUP($A52,'Seg Diario'!$B$12:$HJ$76,130,FALSE) -> 1 | M52: =VLOOKUP($A52,'Seg Diario'!$B$12:$HJ$76,145,FALSE) -> 1 | N52: =VLOOKUP($A52,'Seg Diario'!$B$12:$HJ$76,190,FALSE) -> 1 | O52: =VLOOKUP($A52,'Seg Diario'!$B$12:$HJ$76,175,FALSE) -> 1 | P52: =VLOOKUP($A52,'Seg Diario'!$B$12:$HJ$76,210,FALSE) -> 1
A53: T004 | G53: D | H53: =VLOOKUP($A50,'Seg Diario'!$B$12:$HJ$76,73,FALSE) -> 1 | I53: =VLOOKUP($A53,'Seg Diario'!$B$12:$HJ$76,88,FALSE) -> 1 | J53: =VLOOKUP($A53,'Seg Diario'!$B$12:$HJ$76,103,FALSE) -> 1 | K53: =VLOOKUP($A53,'Seg Diario'!$B$12:$HJ$76,118,FALSE) -> 1 | L53: =VLOOKUP($A53,'Seg Diario'!$B$12:$HJ$76,133,FALSE) -> 1 | M53: =VLOOKUP($A53,'Seg Diario'!$B$12:$HJ$76,148,FALSE) -> 1 | N53: =VLOOKUP($A53,'Seg Diario'!$B$12:$HJ$76,193,FALSE) -> 1 | O53: =VLOOKUP($A53,'Seg Diario'!$B$12:$HJ$76,178,FALSE) -> 1 | P53: =VLOOKUP($A53,'Seg Diario'!$B$12:$HJ$76,213,FALSE) -> 1
A54: T005 | B54: T5 | C54: B5 | D54: HELICOIDAL | E54: ='Seg Diario'!BF16 -> 1 | F54: ='Seg Diario'!PD16 -> 0 | G54: A | H54: =VLOOKUP($A54,'Seg Diario'!$B$12:$HJ$76,64,FALSE) -> 1 | I54: =VLOOKUP($A54,'Seg Diario'!$B$12:$HJ$76,79,FALSE) -> 1 | J54: =VLOOKUP($A54,'Seg Diario'!$B$12:$HJ$76,94,FALSE) -> 1 | K54: =VLOOKUP($A54,'Seg Diario'!$B$12:$HJ$76,109,FALSE) -> 1 | L54: =VLOOKUP($A54,'Seg Diario'!$B$12:$HJ$76,124,FALSE) -> 1 | M54: =VLOOKUP($A54,'Seg Diario'!$B$12:$HJ$76,139,FALSE) -> 1 | N54: =VLOOKUP($A54,'Seg Diario'!$B$12:$HJ$76,184,FALSE) -> 1 | O54: =VLOOKUP($A54,'Seg Diario'!$B$12:$HJ$76,169,FALSE) -> 1 | P54: =VLOOKUP($A54,'Seg Diario'!$B$12:$HJ$76,204,FALSE) -> 1
A55: T005 | G55: B | H55: =VLOOKUP($A54,'Seg Diario'!$B$12:$HJ$76,67,FALSE) -> 1 | I55: =VLOOKUP($A55,'Seg Diario'!$B$12:$HJ$76,82,FALSE) -> 1 | J55: =VLOOKUP($A55,'Seg Diario'!$B$12:$HJ$76,97,FALSE) -> 1 | K55: =VLOOKUP($A55,'Seg Diario'!$B$12:$HJ$76,112,FALSE) -> 1 | L55: =VLOOKUP($A55,'Seg Diario'!$B$12:$HJ$76,127,FALSE) -> 1 | M55: =VLOOKUP($A55,'Seg Diario'!$B$12:$HJ$76,142,FALSE) -> 1 | N55: =VLOOKUP($A55,'Seg Diario'!$B$12:$HJ$76,187,FALSE) -> 1 | O55: =VLOOKUP($A55,'Seg Diario'!$B$12:$HJ$76,172,FALSE) -> 1 | P55: =VLOOKUP($A55,'Seg Diario'!$B$12:$HJ$76,207,FALSE) -> 1
A56: T005 | G56: C | H56: =VLOOKUP($A54,'Seg Diario'!$B$12:$HJ$76,70,FALSE) -> 1 | I56: =VLOOKUP($A56,'Seg Diario'!$B$12:$HJ$76,85,FALSE) -> 1 | J56: =VLOOKUP($A56,'Seg Diario'!$B$12:$HJ$76,100,FALSE) -> 1 | K56: =VLOOKUP($A56,'Seg Diario'!$B$12:$HJ$76,115,FALSE) -> 1 | L56: =VLOOKUP($A56,'Seg Diario'!$B$12:$HJ$76,130,FALSE) -> 1 | M56: =VLOOKUP($A56,'Seg Diario'!$B$12:$HJ$76,145,FALSE) -> 1 | N56: =VLOOKUP($A56,'Seg Diario'!$B$12:$HJ$76,190,FALSE) -> 1 | O56: =VLOOKUP($A56,'Seg Diario'!$B$12:$HJ$76,175,FALSE) -> 1 | P56: =VLOOKUP($A56,'Seg Diario'!$B$12:$HJ$76,210,FALSE) -> 1
A57: T005 | G57: D | H57: =VLOOKUP($A54,'Seg Diario'!$B$12:$HJ$76,73,FALSE) -> 1 | I57: =VLOOKUP($A57,'Seg Diario'!$B$12:$HJ$76,88,FALSE) -> 1 | J57: =VLOOKUP($A57,'Seg Diario'!$B$12:$HJ$76,103,FALSE) -> 1 | K57: =VLOOKUP($A57,'Seg Diario'!$B$12:$HJ$76,118,FALSE) -> 1 | L57: =VLOOKUP($A57,'Seg Diario'!$B$12:$HJ$76,133,FALSE) -> 1 | M57: =VLOOKUP($A57,'Seg Diario'!$B$12:$HJ$76,148,FALSE) -> 1 | N57: =VLOOKUP($A57,'Seg Diario'!$B$12:$HJ$76,193,FALSE) -> 1 | O57: =VLOOKUP($A57,'Seg Diario'!$B$12:$HJ$76,178,FALSE) -> 1 | P57: =VLOOKUP($A57,'Seg Diario'!$B$12:$HJ$76,213,FALSE) -> 1
A58: T006 | B58: T6 | C58: C5 | D58: HELICOIDAL | E58: ='Seg Diario'!BF17 -> 1 | F58: ='Seg Diario'!PD17 -> 0 | G58: A | H58: =VLOOKUP($A58,'Seg Diario'!$B$12:$HJ$76,64,FALSE) -> 1 | I58: =VLOOKUP($A58,'Seg Diario'!$B$12:$HJ$76,79,FALSE) -> 1 | J58: =VLOOKUP($A58,'Seg Diario'!$B$12:$HJ$76,94,FALSE) -> 1 | K58: =VLOOKUP($A58,'Seg Diario'!$B$12:$HJ$76,109,FALSE) -> 1 | L58: =VLOOKUP($A58,'Seg Diario'!$B$12:$HJ$76,124,FALSE) -> 1 | M58: =VLOOKUP($A58,'Seg Diario'!$B$12:$HJ$76,139,FALSE) -> 1 | N58: =VLOOKUP($A58,'Seg Diario'!$B$12:$HJ$76,184,FALSE) -> 1 | O58: =VLOOKUP($A58,'Seg Diario'!$B$12:$HJ$76,169,FALSE) -> 1 | P58: =VLOOKUP($A58,'Seg Diario'!$B$12:$HJ$76,204,FALSE) -> 1
A59: T006 | G59: B | H59: =VLOOKUP($A58,'Seg Diario'!$B$12:$HJ$76,67,FALSE) -> 1 | I59: =VLOOKUP($A59,'Seg Diario'!$B$12:$HJ$76,82,FALSE) -> 1 | J59: =VLOOKUP($A59,'Seg Diario'!$B$12:$HJ$76,97,FALSE) -> 1 | K59: =VLOOKUP($A59,'Seg Diario'!$B$12:$HJ$76,112,FALSE) -> 1 | L59: =VLOOKUP($A59,'Seg Diario'!$B$12:$HJ$76,127,FALSE) -> 1 | M59: =VLOOKUP($A59,'Seg Diario'!$B$12:$HJ$76,142,FALSE) -> 1 | N59: =VLOOKUP($A59,'Seg Diario'!$B$12:$HJ$76,187,FALSE) -> 1 | O59: =VLOOKUP($A59,'Seg Diario'!$B$12:$HJ$76,172,FALSE) -> 1 | P59: =VLOOKUP($A59,'Seg Diario'!$B$12:$HJ$76,207,FALSE) -> 1
A60: T006 | G60: C | H60: =VLOOKUP($A58,'Seg Diario'!$B$12:$HJ$76,70,FALSE) -> 1 | I60: =VLOOKUP($A60,'Seg Diario'!$B$12:$HJ$76,85,FALSE) -> 1 | J60: =VLOOKUP($A60,'Seg Diario'!$B$12:$HJ$76,100,FALSE) -> 1 | K60: =VLOOKUP($A60,'Seg Diario'!$B$12:$HJ$76,115,FALSE) -> 1 | L60: =VLOOKUP($A60,'Seg Diario'!$B$12:$HJ$76,130,FALSE) -> 1 | M60: =VLOOKUP($A60,'Seg Diario'!$B$12:$HJ$76,145,FALSE) -> 1 | N60: =VLOOKUP($A60,'Seg Diario'!$B$12:$HJ$76,190,FALSE) -> 1 | O60: =VLOOKUP($A60,'Seg Diario'!$B$12:$HJ$76,175,FALSE) -> 1 | P60: =VLOOKUP($A60,'Seg Diario'!$B$12:$HJ$76,210,FALSE) -> 1
A61: T006 | G61: D | H61: =VLOOKUP($A58,'Seg Diario'!$B$12:$HJ$76,73,FALSE) -> 1 | I61: =VLOOKUP($A61,'Seg Diario'!$B$12:$HJ$76,88,FALSE) -> 1 | J61: =VLOOKUP($A61,'Seg Diario'!$B$12:$HJ$76,103,FALSE) -> 1 | K61: =VLOOKUP($A61,'Seg Diario'!$B$12:$HJ$76,118,FALSE) -> 1 | L61: =VLOOKUP($A61,'Seg Diario'!$B$12:$HJ$76,133,FALSE) -> 1 | M61: =VLOOKUP($A61,'Seg Diario'!$B$12:$HJ$76,148,FALSE) -> 1 | N61: =VLOOKUP($A61,'Seg Diario'!$B$12:$HJ$76,193,FALSE) -> 1 | O61: =VLOOKUP($A61,'Seg Diario'!$B$12:$HJ$76,178,FALSE) -> 1 | P61: =VLOOKUP($A61,'Seg Diario'!$B$12:$HJ$76,213,FALSE) -> 1
A62: T007 | B62: T7 | C62: B5 | D62: HELICOIDAL | E62: ='Seg Diario'!BF18 -> 1 | F62: ='Seg Diario'!PD18 -> 0 | G62: A | H62: =VLOOKUP($A62,'Seg Diario'!$B$12:$HJ$76,64,FALSE) -> 1 | I62: =VLOOKUP($A62,'Seg Diario'!$B$12:$HJ$76,79,FALSE) -> 1 | J62: =VLOOKUP($A62,'Seg Diario'!$B$12:$HJ$76,94,FALSE) -> 1 | K62: =VLOOKUP($A62,'Seg Diario'!$B$12:$HJ$76,109,FALSE) -> 1 | L62: =VLOOKUP($A62,'Seg Diario'!$B$12:$HJ$76,124,FALSE) -> 1 | M62: =VLOOKUP($A62,'Seg Diario'!$B$12:$HJ$76,139,FALSE) -> 1 | N62: =VLOOKUP($A62,'Seg Diario'!$B$12:$HJ$76,184,FALSE) -> 1 | O62: =VLOOKUP($A62,'Seg Diario'!$B$12:$HJ$76,169,FALSE) -> 1 | P62: =VLOOKUP($A62,'Seg Diario'!$B$12:$HJ$76,204,FALSE) -> 1
A63: T007 | G63: B | H63: =VLOOKUP($A62,'Seg Diario'!$B$12:$HJ$76,67,FALSE) -> 1 | I63: =VLOOKUP($A63,'Seg Diario'!$B$12:$HJ$76,82,FALSE) -> 1 | J63: =VLOOKUP($A63,'Seg Diario'!$B$12:$HJ$76,97,FALSE) -> 1 | K63: =VLOOKUP($A63,'Seg Diario'!$B$12:$HJ$76,112,FALSE) -> 1 | L63: =VLOOKUP($A63,'Seg Diario'!$B$12:$HJ$76,127,FALSE) -> 1 | M63: =VLOOKUP($A63,'Seg Diario'!$B$12:$HJ$76,142,FALSE) -> 1 | N63: =VLOOKUP($A63,'Seg Diario'!$B$12:$HJ$76,187,FALSE) -> 1 | O63: =VLOOKUP($A63,'Seg Diario'!$B$12:$HJ$76,172,FALSE) -> 1 | P63: =VLOOKUP($A63,'Seg Diario'!$B$12:$HJ$76,207,FALSE) -> 1
A64: T007 | G64: C | H64: =VLOOKUP($A62,'Seg Diario'!$B$12:$HJ$76,70,FALSE) -> 1 | I64: =VLOOKUP($A64,'Seg Diario'!$B$12:$HJ$76,85,FALSE) -> 1 | J64: =VLOOKUP($A64,'Seg Diario'!$B$12:$HJ$76,100,FALSE) -> 1 | K64: =VLOOKUP($A64,'Seg Diario'!$B$12:$HJ$76,115,FALSE) -> 1 | L64: =VLOOKUP($A64,'Seg Diario'!$B$12:$HJ$76,130,FALSE) -> 1 | M64: =VLOOKUP($A64,'Seg Diario'!$B$12:$HJ$76,145,FALSE) -> 1 | N64: =VLOOKUP($A64,'Seg Diario'!$B$12:$HJ$76,190,FALSE) -> 1 | O64: =VLOOKUP($A64,'Seg Diario'!$B$12:$HJ$76,175,FALSE) -> 1 | P64: =VLOOKUP($A64,'Seg Diario'!$B$12:$HJ$76,210,FALSE) -> 1
A65: T007 | G65: D | H65: =VLOOKUP($A62,'Seg Diario'!$B$12:$HJ$76,73,FALSE) -> 1 | I65: =VLOOKUP($A65,'Seg Diario'!$B$12:$HJ$76,88,FALSE) -> 1 | J65: =VLOOKUP($A65,'Seg Diario'!$B$12:$HJ$76,103,FALSE) -> 1 | K65: =VLOOKUP($A65,'Seg Diario'!$B$12:$HJ$76,118,FALSE) -> 1 | L65: =VLOOKUP($A65,'Seg Diario'!$B$12:$HJ$76,133,FALSE) -> 1 | M65: =VLOOKUP($A65,'Seg Diario'!$B$12:$HJ$76,148,FALSE) -> 1 | N65: =VLOOKUP($A65,'Seg Diario'!$B$12:$HJ$76,193,FALSE) -> 1 | O65: =VLOOKUP($A65,'Seg Diario'!$B$12:$HJ$76,178,FALSE) -> 1 | P65: =VLOOKUP($A65,'Seg Diario'!$B$12:$HJ$76,213,FALSE) -> 1
A66: T008 | B66: T8 | C66: B6 | D66: HELICOIDAL | E66: ='Seg Diario'!BF19 -> 1 | F66: ='Seg Diario'!PD19 -> 0 | G66: A | H66: =VLOOKUP($A66,'Seg Diario'!$B$12:$HJ$76,64,FALSE) -> 1 | I66: =VLOOKUP($A66,'Seg Diario'!$B$12:$HJ$76,79,FALSE) -> 1 | J66: =VLOOKUP($A66,'Seg Diario'!$B$12:$HJ$76,94,FALSE) -> 1 | K66: =VLOOKUP($A66,'Seg Diario'!$B$12:$HJ$76,109,FALSE) -> 1 | L66: =VLOOKUP($A66,'Seg Diario'!$B$12:$HJ$76,124,FALSE) -> 1 | M66: =VLOOKUP($A66,'Seg Diario'!$B$12:$HJ$76,139,FALSE) -> 1 | N66: =VLOOKUP($A66,'Seg Diario'!$B$12:$HJ$76,184,FALSE) -> 1 | O66: =VLOOKUP($A66,'Seg Diario'!$B$12:$HJ$76,169,FALSE) -> 1 | P66: =VLOOKUP($A66,'Seg Diario'!$B$12:$HJ$76,204,FALSE) -> 1
A67: T008 | G67: B | H67: =VLOOKUP($A66,'Seg Diario'!$B$12:$HJ$76,67,FALSE) -> 1 | I67: =VLOOKUP($A67,'Seg Diario'!$B$12:$HJ$76,82,FALSE) -> 1 | J67: =VLOOKUP($A67,'Seg Diario'!$B$12:$HJ$76,97,FALSE) -> 1 | K67: =VLOOKUP($A67,'Seg Diario'!$B$12:$HJ$76,112,FALSE) -> 1 | L67: =VLOOKUP($A67,'Seg Diario'!$B$12:$HJ$76,127,FALSE) -> 1 | M67: =VLOOKUP($A67,'Seg Diario'!$B$12:$HJ$76,142,FALSE) -> 1 | N67: =VLOOKUP($A67,'Seg Diario'!$B$12:$HJ$76,187,FALSE) -> 1 | O67: =VLOOKUP($A67,'Seg Diario'!$B$12:$HJ$76,172,FALSE) -> 1 | P67: =VLOOKUP($A67,'Seg Diario'!$B$12:$HJ$76,207,FALSE) -> 1
A68: T008 | G68: C | H68: =VLOOKUP($A66,'Seg Diario'!$B$12:$HJ$76,70,FALSE) -> 1 | I68: =VLOOKUP($A68,'Seg Diario'!$B$12:$HJ$76,85,FALSE) -> 1 | J68: =VLOOKUP($A68,'Seg Diario'!$B$12:$HJ$76,100,FALSE) -> 1 | K68: =VLOOKUP($A68,'Seg Diario'!$B$12:$HJ$76,115,FALSE) -> 1 | L68: =VLOOKUP($A68,'Seg Diario'!$B$12:$HJ$76,130,FALSE) -> 1 | M68: =VLOOKUP($A68,'Seg Diario'!$B$12:$HJ$76,145,FALSE) -> 1 | N68: =VLOOKUP($A68,'Seg Diario'!$B$12:$HJ$76,190,FALSE) -> 1 | O68: =VLOOKUP($A68,'Seg Diario'!$B$12:$HJ$76,175,FALSE) -> 1 | P68: =VLOOKUP($A68,'Seg Diario'!$B$12:$HJ$76,210,FALSE) -> 1
A69: T008 | G69: D | H69: =VLOOKUP($A66,'Seg Diario'!$B$12:$HJ$76,73,FALSE) -> 1 | I69: =VLOOKUP($A69,'Seg Diario'!$B$12:$HJ$76,88,FALSE) -> 1 | J69: =VLOOKUP($A69,'Seg Diario'!$B$12:$HJ$76,103,FALSE) -> 1 | K69: =VLOOKUP($A69,'Seg Diario'!$B$12:$HJ$76,118,FALSE) -> 1 | L69: =VLOOKUP($A69,'Seg Diario'!$B$12:$HJ$76,133,FALSE) -> 1 | M69: =VLOOKUP($A69,'Seg Diario'!$B$12:$HJ$76,148,FALSE) -> 1 | N69: =VLOOKUP($A69,'Seg Diario'!$B$12:$HJ$76,193,FALSE) -> 1 | O69: =VLOOKUP($A69,'Seg Diario'!$B$12:$HJ$76,178,FALSE) -> 1 | P69: =VLOOKUP($A69,'Seg Diario'!$B$12:$HJ$76,213,FALSE) -> 1
A70: T009 | B70: T9 | C70: B4 | D70: HELICOIDAL | E70: ='Seg Diario'!BF20 -> 1 | F70: ='Seg Diario'!PD20 -> 0 | G70: A | H70: =VLOOKUP($A70,'Seg Diario'!$B$12:$HJ$76,64,FALSE) -> 1 | I70: =VLOOKUP($A70,'Seg Diario'!$B$12:$HJ$76,79,FALSE) -> 1 | J70: =VLOOKUP($A70,'Seg Diario'!$B$12:$HJ$76,94,FALSE) -> 1 | K70: =VLOOKUP($A70,'Seg Diario'!$B$12:$HJ$76,109,FALSE) -> 1 | L70: =VLOOKUP($A70,'Seg Diario'!$B$12:$HJ$76,124,FALSE) -> 1 | M70: =VLOOKUP($A70,'Seg Diario'!$B$12:$HJ$76,139,FALSE) -> 1 | N70: =VLOOKUP($A70,'Seg Diario'!$B$12:$HJ$76,184,FALSE) -> 1 | O70: =VLOOKUP($A70,'Seg Diario'!$B$12:$HJ$76,169,FALSE) -> 1 | P70: =VLOOKUP($A70,'Seg Diario'!$B$12:$HJ$76,204,FALSE) -> 1 | AC70: MEC
A71: T009 | G71: B | H71: =VLOOKUP($A70,'Seg Diario'!$B$12:$HJ$76,67,FALSE) -> 1 | I71: =VLOOKUP($A71,'Seg Diario'!$B$12:$HJ$76,82,FALSE) -> 1 | J71: =VLOOKUP($A71,'Seg Diario'!$B$12:$HJ$76,97,FALSE) -> 1 | K71: =VLOOKUP($A71,'Seg Diario'!$B$12:$HJ$76,112,FALSE) -> 1 | L71: =VLOOKUP($A71,'Seg Diario'!$B$12:$HJ$76,127,FALSE) -> 1 | M71: =VLOOKUP($A71,'Seg Diario'!$B$12:$HJ$76,142,FALSE) -> 1 | N71: =VLOOKUP($A71,'Seg Diario'!$B$12:$HJ$76,187,FALSE) -> 1 | O71: =VLOOKUP($A71,'Seg Diario'!$B$12:$HJ$76,172,FALSE) -> 1 | P71: =VLOOKUP($A71,'Seg Diario'!$B$12:$HJ$76,207,FALSE) -> 1
A72: T009 | G72: C | H72: =VLOOKUP($A70,'Seg Diario'!$B$12:$HJ$76,70,FALSE) -> 1 | I72: =VLOOKUP($A72,'Seg Diario'!$B$12:$HJ$76,85,FALSE) -> 1 | J72: =VLOOKUP($A72,'Seg Diario'!$B$12:$HJ$76,100,FALSE) -> 1 | K72: =VLOOKUP($A72,'Seg Diario'!$B$12:$HJ$76,115,FALSE) -> 1 | L72: =VLOOKUP($A72,'Seg Diario'!$B$12:$HJ$76,130,FALSE) -> 1 | M72: =VLOOKUP($A72,'Seg Diario'!$B$12:$HJ$76,145,FALSE) -> 1 | N72: =VLOOKUP($A72,'Seg Diario'!$B$12:$HJ$76,190,FALSE) -> 1 | O72: =VLOOKUP($A72,'Seg Diario'!$B$12:$HJ$76,175,FALSE) -> 1 | P72: =VLOOKUP($A72,'Seg Diario'!$B$12:$HJ$76,210,FALSE) -> 1
A73: T009 | G73: D | H73: =VLOOKUP($A70,'Seg Diario'!$B$12:$HJ$76,73,FALSE) -> 1 | I73: =VLOOKUP($A73,'Seg Diario'!$B$12:$HJ$76,88,FALSE) -> 1 | J73: =VLOOKUP($A73,'Seg Diario'!$B$12:$HJ$76,103,FALSE) -> 1 | K73: =VLOOKUP($A73,'Seg Diario'!$B$12:$HJ$76,118,FALSE) -> 1 | L73: =VLOOKUP($A73,'Seg Diario'!$B$12:$HJ$76,133,FALSE) -> 1 | M73: =VLOOKUP($A73,'Seg Diario'!$B$12:$HJ$76,148,FALSE) -> 1 | N73: =VLOOKUP($A73,'Seg Diario'!$B$12:$HJ$76,193,FALSE) -> 1 | O73: =VLOOKUP($A73,'Seg Diario'!$B$12:$HJ$76,178,FALSE) -> 1 | P73: =VLOOKUP($A73,'Seg Diario'!$B$12:$HJ$76,213,FALSE) -> 1
A74: T010 | B74: T10 | C74: B3 | D74: HELICOIDAL | E74: ='Seg Diario'!BF21 -> 1 | F74: ='Seg Diario'!PD21 -> 1 | G74: A | H74: =VLOOKUP($A74,'Seg Diario'!$B$12:$HJ$76,64,FALSE) -> 1 | I74: =VLOOKUP($A74,'Seg Diario'!$B$12:$HJ$76,79,FALSE) -> 1 | J74: =VLOOKUP($A74,'Seg Diario'!$B$12:$HJ$76,94,FALSE) -> 1 | K74: =VLOOKUP($A74,'Seg Diario'!$B$12:$HJ$76,109,FALSE) -> 1 | L74: =VLOOKUP($A74,'Seg Diario'!$B$12:$HJ$76,124,FALSE) -> 1 | M74: =VLOOKUP($A74,'Seg Diario'!$B$12:$HJ$76,139,FALSE) -> 1 | N74: =VLOOKUP($A74,'Seg Diario'!$B$12:$HJ$76,184,FALSE) -> 1 | O74: =VLOOKUP($A74,'Seg Diario'!$B$12:$HJ$76,169,FALSE) -> 1 | P74: =VLOOKUP($A74,'Seg Diario'!$B$12:$HJ$76,204,FALSE) -> 1 | AC74: ANGEL
A75: T010 | G75: B | H75: =VLOOKUP($A74,'Seg Diario'!$B$12:$HJ$76,67,FALSE) -> 1 | I75: =VLOOKUP($A75,'Seg Diario'!$B$12:$HJ$76,82,FALSE) -> 1 | J75: =VLOOKUP($A75,'Seg Diario'!$B$12:$HJ$76,97,FALSE) -> 1 | K75: =VLOOKUP($A75,'Seg Diario'!$B$12:$HJ$76,112,FALSE) -> 1 | L75: =VLOOKUP($A75,'Seg Diario'!$B$12:$HJ$76,127,FALSE) -> 1 | M75: =VLOOKUP($A75,'Seg Diario'!$B$12:$HJ$76,142,FALSE) -> 1 | N75: =VLOOKUP($A75,'Seg Diario'!$B$12:$HJ$76,187,FALSE) -> 1 | O75: =VLOOKUP($A75,'Seg Diario'!$B$12:$HJ$76,172,FALSE) -> 1 | P75: =VLOOKUP($A75,'Seg Diario'!$B$12:$HJ$76,207,FALSE) -> 1
A76: T010 | G76: C | H76: =VLOOKUP($A74,'Seg Diario'!$B$12:$HJ$76,70,FALSE) -> 1 | I76: =VLOOKUP($A76,'Seg Diario'!$B$12:$HJ$76,85,FALSE) -> 1 | J76: =VLOOKUP($A76,'Seg Diario'!$B$12:$HJ$76,100,FALSE) -> 1 | K76: =VLOOKUP($A76,'Seg Diario'!$B$12:$HJ$76,115,FALSE) -> 1 | L76: =VLOOKUP($A76,'Seg Diario'!$B$12:$HJ$76,130,FALSE) -> 1 | M76: =VLOOKUP($A76,'Seg Diario'!$B$12:$HJ$76,145,FALSE) -> 1 | N76: =VLOOKUP($A76,'Seg Diario'!$B$12:$HJ$76,190,FALSE) -> 1 | O76: =VLOOKUP($A76,'Seg Diario'!$B$12:$HJ$76,175,FALSE) -> 1 | P76: =VLOOKUP($A76,'Seg Diario'!$B$12:$HJ$76,210,FALSE) -> 1
A77: T010 | G77: D | H77: =VLOOKUP($A74,'Seg Diario'!$B$12:$HJ$76,73,FALSE) -> 1 | I77: =VLOOKUP($A77,'Seg Diario'!$B$12:$HJ$76,88,FALSE) -> 1 | J77: =VLOOKUP($A77,'Seg Diario'!$B$12:$HJ$76,103,FALSE) -> 1 | K77: =VLOOKUP($A77,'Seg Diario'!$B$12:$HJ$76,118,FALSE) -> 1 | L77: =VLOOKUP($A77,'Seg Diario'!$B$12:$HJ$76,133,FALSE) -> 1 | M77: =VLOOKUP($A77,'Seg Diario'!$B$12:$HJ$76,148,FALSE) -> 1 | N77: =VLOOKUP($A77,'Seg Diario'!$B$12:$HJ$76,193,FALSE) -> 1 | O77: =VLOOKUP($A77,'Seg Diario'!$B$12:$HJ$76,178,FALSE) -> 1 | P77: =VLOOKUP($A77,'Seg Diario'!$B$12:$HJ$76,213,FALSE) -> 1
A78: T011 | B78: T11 | C78: C5 | D78: ZAPATA | E78: ='Seg Diario'!BF22 -> 1 | F78: ='Seg Diario'!PD22 -> 0 | G78: A | H78: =VLOOKUP($A78,'Seg Diario'!$B$12:$HJ$76,64,FALSE) -> 1 | I78: =VLOOKUP($A78,'Seg Diario'!$B$12:$HJ$76,79,FALSE) -> 1 | J78: =VLOOKUP($A78,'Seg Diario'!$B$12:$HJ$76,94,FALSE) -> 0 | K78: =VLOOKUP($A78,'Seg Diario'!$B$12:$HJ$76,109,FALSE) -> 1 | L78: =VLOOKUP($A78,'Seg Diario'!$B$12:$HJ$76,124,FALSE) -> 1 | M78: =VLOOKUP($A78,'Seg Diario'!$B$12:$HJ$76,139,FALSE) -> 1 | N78: =VLOOKUP($A78,'Seg Diario'!$B$12:$HJ$76,184,FALSE) -> 1 | O78: =VLOOKUP($A78,'Seg Diario'!$B$12:$HJ$76,169,FALSE) -> 1 | P78: =VLOOKUP($A78,'Seg Diario'!$B$12:$HJ$76,204,FALSE) -> 1
A79: T011 | G79: B | H79: =VLOOKUP($A78,'Seg Diario'!$B$12:$HJ$76,67,FALSE) -> 1 | I79: =VLOOKUP($A79,'Seg Diario'!$B$12:$HJ$76,82,FALSE) -> 1 | J79: =VLOOKUP($A79,'Seg Diario'!$B$12:$HJ$76,97,FALSE) -> 0 | K79: =VLOOKUP($A79,'Seg Diario'!$B$12:$HJ$76,112,FALSE) -> 1 | L79: =VLOOKUP($A79,'Seg Diario'!$B$12:$HJ$76,127,FALSE) -> 1 | M79: =VLOOKUP($A79,'Seg Diario'!$B$12:$HJ$76,142,FALSE) -> 1 | N79: =VLOOKUP($A79,'Seg Diario'!$B$12:$HJ$76,187,FALSE) -> 1 | O79: =VLOOKUP($A79,'Seg Diario'!$B$12:$HJ$76,172,FALSE) -> 1 | P79: =VLOOKUP($A79,'Seg Diario'!$B$12:$HJ$76,207,FALSE) -> 1
A80: T011 | G80: C | H80: =VLOOKUP($A78,'Seg Diario'!$B$12:$HJ$76,70,FALSE) -> 1 | I80: =VLOOKUP($A80,'Seg Diario'!$B$12:$HJ$76,85,FALSE) -> 1 | J80: =VLOOKUP($A80,'Seg Diario'!$B$12:$HJ$76,100,FALSE) -> 0 | K80: =VLOOKUP($A80,'Seg Diario'!$B$12:$HJ$76,115,FALSE) -> 1 | L80: =VLOOKUP($A80,'Seg Diario'!$B$12:$HJ$76,130,FALSE) -> 1 | M80: =VLOOKUP($A80,'Seg Diario'!$B$12:$HJ$76,145,FALSE) -> 1 | N80: =VLOOKUP($A80,'Seg Diario'!$B$12:$HJ$76,190,FALSE) -> 1 | O80: =VLOOKUP($A80,'Seg Diario'!$B$12:$HJ$76,175,FALSE) -> 1 | P80: =VLOOKUP($A80,'Seg Diario'!$B$12:$HJ$76,210,FALSE) -> 1
A81: T011 | G81: D | H81: =VLOOKUP($A78,'Seg Diario'!$B$12:$HJ$76,73,FALSE) -> 1 | I81: =VLOOKUP($A81,'Seg Diario'!$B$12:$HJ$76,88,FALSE) -> 1 | J81: =VLOOKUP($A81,'Seg Diario'!$B$12:$HJ$76,103,FALSE) -> 0 | K81: =VLOOKUP($A81,'Seg Diario'!$B$12:$HJ$76,118,FALSE) -> 1 | L81: =VLOOKUP($A81,'Seg Diario'!$B$12:$HJ$76,133,FALSE) -> 1 | M81: =VLOOKUP($A81,'Seg Diario'!$B$12:$HJ$76,148,FALSE) -> 1 | N81: =VLOOKUP($A81,'Seg Diario'!$B$12:$HJ$76,193,FALSE) -> 1 | O81: =VLOOKUP($A81,'Seg Diario'!$B$12:$HJ$76,178,FALSE) -> 1 | P81: =VLOOKUP($A81,'Seg Diario'!$B$12:$HJ$76,213,FALSE) -> 1
A82: T012 | B82: T12 | C82: B7 | D82: HELICOIDAL | E82: ='Seg Diario'!BF23 -> 1 | F82: ='Seg Diario'!PD23 -> 0 | G82: A | H82: =VLOOKUP($A82,'Seg Diario'!$B$12:$HJ$76,64,FALSE) -> 1 | I82: =VLOOKUP($A82,'Seg Diario'!$B$12:$HJ$76,79,FALSE) -> 1 | J82: =VLOOKUP($A82,'Seg Diario'!$B$12:$HJ$76,94,FALSE) -> 0 | K82: =VLOOKUP($A82,'Seg Diario'!$B$12:$HJ$76,109,FALSE) -> 1 | L82: =VLOOKUP($A82,'Seg Diario'!$B$12:$HJ$76,124,FALSE) -> 1 | M82: =VLOOKUP($A82,'Seg Diario'!$B$12:$HJ$76,139,FALSE) -> 1 | N82: =VLOOKUP($A82,'Seg Diario'!$B$12:$HJ$76,184,FALSE) -> 1 | O82: =VLOOKUP($A82,'Seg Diario'!$B$12:$HJ$76,169,FALSE) -> 1 | P82: =VLOOKUP($A82,'Seg Diario'!$B$12:$HJ$76,204,FALSE) -> 1 | AC82: ANGEL
A83: T012 | G83: B | H83: =VLOOKUP($A82,'Seg Diario'!$B$12:$HJ$76,67,FALSE) -> 1 | I83: =VLOOKUP($A83,'Seg Diario'!$B$12:$HJ$76,82,FALSE) -> 1 | J83: =VLOOKUP($A83,'Seg Diario'!$B$12:$HJ$76,97,FALSE) -> 0 | K83: =VLOOKUP($A83,'Seg Diario'!$B$12:$HJ$76,112,FALSE) -> 1 | L83: =VLOOKUP($A83,'Seg Diario'!$B$12:$HJ$76,127,FALSE) -> 1 | M83: =VLOOKUP($A83,'Seg Diario'!$B$12:$HJ$76,142,FALSE) -> 1 | N83: =VLOOKUP($A83,'Seg Diario'!$B$12:$HJ$76,187,FALSE) -> 1 | O83: =VLOOKUP($A83,'Seg Diario'!$B$12:$HJ$76,172,FALSE) -> 1 | P83: =VLOOKUP($A83,'Seg Diario'!$B$12:$HJ$76,207,FALSE) -> 1
A84: T012 | G84: C | H84: =VLOOKUP($A82,'Seg Diario'!$B$12:$HJ$76,70,FALSE) -> 1 | I84: =VLOOKUP($A84,'Seg Diario'!$B$12:$HJ$76,85,FALSE) -> 1 | J84: =VLOOKUP($A84,'Seg Diario'!$B$12:$HJ$76,100,FALSE) -> 0 | K84: =VLOOKUP($A84,'Seg Diario'!$B$12:$HJ$76,115,FALSE) -> 1 | L84: =VLOOKUP($A84,'Seg Diario'!$B$12:$HJ$76,130,FALSE) -> 1 | M84: =VLOOKUP($A84,'Seg Diario'!$B$12:$HJ$76,145,FALSE) -> 1 | N84: =VLOOKUP($A84,'Seg Diario'!$B$12:$HJ$76,190,FALSE) -> 1 | O84: =VLOOKUP($A84,'Seg Diario'!$B$12:$HJ$76,175,FALSE) -> 1 | P84: =VLOOKUP($A84,'Seg Diario'!$B$12:$HJ$76,210,FALSE) -> 1
A85: T012 | G85: D | H85: =VLOOKUP($A82,'Seg Diario'!$B$12:$HJ$76,73,FALSE) -> 1 | I85: =VLOOKUP($A85,'Seg Diario'!$B$12:$HJ$76,88,FALSE) -> 1 | J85: =VLOOKUP($A85,'Seg Diario'!$B$12:$HJ$76,103,FALSE) -> 0 | K85: =VLOOKUP($A85,'Seg Diario'!$B$12:$HJ$76,118,FALSE) -> 1 | L85: =VLOOKUP($A85,'Seg Diario'!$B$12:$HJ$76,133,FALSE) -> 1 | M85: =VLOOKUP($A85,'Seg Diario'!$B$12:$HJ$76,148,FALSE) -> 1 | N85: =VLOOKUP($A85,'Seg Diario'!$B$12:$HJ$76,193,FALSE) -> 1 | O85: =VLOOKUP($A85,'Seg Diario'!$B$12:$HJ$76,178,FALSE) -> 1 | P85: =VLOOKUP($A85,'Seg Diario'!$B$12:$HJ$76,213,FALSE) -> 1
A86: T013 | B86: T13 | C86: C2 | D86: HELICOIDAL | E86: ='Seg Diario'!BF24 -> 1 | F86: ='Seg Diario'!PD24 -> 0 | G86: A | H86: =VLOOKUP($A86,'Seg Diario'!$B$12:$HJ$76,64,FALSE) -> 1 | I86: =VLOOKUP($A86,'Seg Diario'!$B$12:$HJ$76,79,FALSE) -> 1 | J86: =VLOOKUP($A86,'Seg Diario'!$B$12:$HJ$76,94,FALSE) -> 1 | K86: =VLOOKUP($A86,'Seg Diario'!$B$12:$HJ$76,109,FALSE) -> 1 | L86: =VLOOKUP($A86,'Seg Diario'!$B$12:$HJ$76,124,FALSE) -> 1 | M86: =VLOOKUP($A86,'Seg Diario'!$B$12:$HJ$76,139,FALSE) -> 1 | N86: =VLOOKUP($A86,'Seg Diario'!$B$12:$HJ$76,184,FALSE) -> 1 | O86: =VLOOKUP($A86,'Seg Diario'!$B$12:$HJ$76,169,FALSE) -> 1 | P86: =VLOOKUP($A86,'Seg Diario'!$B$12:$HJ$76,204,FALSE) -> 1
A87: T013 | G87: B | H87: =VLOOKUP($A86,'Seg Diario'!$B$12:$HJ$76,67,FALSE) -> 1 | I87: =VLOOKUP($A87,'Seg Diario'!$B$12:$HJ$76,82,FALSE) -> 1 | J87: =VLOOKUP($A87,'Seg Diario'!$B$12:$HJ$76,97,FALSE) -> 1 | K87: =VLOOKUP($A87,'Seg Diario'!$B$12:$HJ$76,112,FALSE) -> 1 | L87: =VLOOKUP($A87,'Seg Diario'!$B$12:$HJ$76,127,FALSE) -> 1 | M87: =VLOOKUP($A87,'Seg Diario'!$B$12:$HJ$76,142,FALSE) -> 1 | N87: =VLOOKUP($A87,'Seg Diario'!$B$12:$HJ$76,187,FALSE) -> 1 | O87: =VLOOKUP($A87,'Seg Diario'!$B$12:$HJ$76,172,FALSE) -> 1 | P87: =VLOOKUP($A87,'Seg Diario'!$B$12:$HJ$76,207,FALSE) -> 1
A88: T013 | G88: C | H88: =VLOOKUP($A86,'Seg Diario'!$B$12:$HJ$76,70,FALSE) -> 1 | I88: =VLOOKUP($A88,'Seg Diario'!$B$12:$HJ$76,85,FALSE) -> 1 | J88: =VLOOKUP($A88,'Seg Diario'!$B$12:$HJ$76,100,FALSE) -> 1 | K88: =VLOOKUP($A88,'Seg Diario'!$B$12:$HJ$76,115,FALSE) -> 1 | L88: =VLOOKUP($A88,'Seg Diario'!$B$12:$HJ$76,130,FALSE) -> 1 | M88: =VLOOKUP($A88,'Seg Diario'!$B$12:$HJ$76,145,FALSE) -> 1 | N88: =VLOOKUP($A88,'Seg Diario'!$B$12:$HJ$76,190,FALSE) -> 1 | O88: =VLOOKUP($A88,'Seg Diario'!$B$12:$HJ$76,175,FALSE) -> 1 | P88: =VLOOKUP($A88,'Seg Diario'!$B$12:$HJ$76,210,FALSE) -> 1
A89: T013 | G89: D | H89: =VLOOKUP($A86,'Seg Diario'!$B$12:$HJ$76,73,FALSE) -> 1 | I89: =VLOOKUP($A89,'Seg Diario'!$B$12:$HJ$76,88,FALSE) -> 1 | J89: =VLOOKUP($A89,'Seg Diario'!$B$12:$HJ$76,103,FALSE) -> 1 | K89: =VLOOKUP($A89,'Seg Diario'!$B$12:$HJ$76,118,FALSE) -> 1 | L89: =VLOOKUP($A89,'Seg Diario'!$B$12:$HJ$76,133,FALSE) -> 1 | M89: =VLOOKUP($A89,'Seg Diario'!$B$12:$HJ$76,148,FALSE) -> 1 | N89: =VLOOKUP($A89,'Seg Diario'!$B$12:$HJ$76,193,FALSE) -> 1 | O89: =VLOOKUP($A89,'Seg Diario'!$B$12:$HJ$76,178,FALSE) -> 1 | P89: =VLOOKUP($A89,'Seg Diario'!$B$12:$HJ$76,213,FALSE) -> 1
A90: T014 | B90: T14 | C90: C2 | D90: ZAPATA | E90: ='Seg Diario'!BF25 -> 1 | F90: ='Seg Diario'!PD25 -> 0 | G90: A | H90: =VLOOKUP($A90,'Seg Diario'!$B$12:$HJ$76,64,FALSE) -> 1 | I90: =VLOOKUP($A90,'Seg Diario'!$B$12:$HJ$76,79,FALSE) -> 1 | J90: =VLOOKUP($A90,'Seg Diario'!$B$12:$HJ$76,94,FALSE) -> 0 | K90: =VLOOKUP($A90,'Seg Diario'!$B$12:$HJ$76,109,FALSE) -> 1 | L90: =VLOOKUP($A90,'Seg Diario'!$B$12:$HJ$76,124,FALSE) -> 1 | M90: =VLOOKUP($A90,'Seg Diario'!$B$12:$HJ$76,139,FALSE) -> 1 | N90: =VLOOKUP($A90,'Seg Diario'!$B$12:$HJ$76,184,FALSE) -> 1 | O90: =VLOOKUP($A90,'Seg Diario'!$B$12:$HJ$76,169,FALSE) -> 1 | P90: =VLOOKUP($A90,'Seg Diario'!$B$12:$HJ$76,204,FALSE) -> 1
A91: T014 | G91: B | H91: =VLOOKUP($A90,'Seg Diario'!$B$12:$HJ$76,67,FALSE) -> 1 | I91: =VLOOKUP($A91,'Seg Diario'!$B$12:$HJ$76,82,FALSE) -> 1 | J91: =VLOOKUP($A91,'Seg Diario'!$B$12:$HJ$76,97,FALSE) -> 0 | K91: =VLOOKUP($A91,'Seg Diario'!$B$12:$HJ$76,112,FALSE) -> 1 | L91: =VLOOKUP($A91,'Seg Diario'!$B$12:$HJ$76,127,FALSE) -> 1 | M91: =VLOOKUP($A91,'Seg Diario'!$B$12:$HJ$76,142,FALSE) -> 1 | N91: =VLOOKUP($A91,'Seg Diario'!$B$12:$HJ$76,187,FALSE) -> 1 | O91: =VLOOKUP($A91,'Seg Diario'!$B$12:$HJ$76,172,FALSE) -> 1 | P91: =VLOOKUP($A91,'Seg Diario'!$B$12:$HJ$76,207,FALSE) -> 1
A92: T014 | G92: C | H92: =VLOOKUP($A90,'Seg Diario'!$B$12:$HJ$76,70,FALSE) -> 1 | I92: =VLOOKUP($A92,'Seg Diario'!$B$12:$HJ$76,85,FALSE) -> 1 | J92: =VLOOKUP($A92,'Seg Diario'!$B$12:$HJ$76,100,FALSE) -> 0 | K92: =VLOOKUP($A92,'Seg Diario'!$B$12:$HJ$76,115,FALSE) -> 1 | L92: =VLOOKUP($A92,'Seg Diario'!$B$12:$HJ$76,130,FALSE) -> 1 | M92: =VLOOKUP($A92,'Seg Diario'!$B$12:$HJ$76,145,FALSE) -> 1 | N92: =VLOOKUP($A92,'Seg Diario'!$B$12:$HJ$76,190,FALSE) -> 1 | O92: =VLOOKUP($A92,'Seg Diario'!$B$12:$HJ$76,175,FALSE) -> 1 | P92: =VLOOKUP($A92,'Seg Diario'!$B$12:$HJ$76,210,FALSE) -> 1
A93: T014 | G93: D | H93: =VLOOKUP($A90,'Seg Diario'!$B$12:$HJ$76,73,FALSE) -> 1 | I93: =VLOOKUP($A93,'Seg Diario'!$B$12:$HJ$76,88,FALSE) -> 1 | J93: =VLOOKUP($A93,'Seg Diario'!$B$12:$HJ$76,103,FALSE) -> 0 | K93: =VLOOKUP($A93,'Seg Diario'!$B$12:$HJ$76,118,FALSE) -> 1 | L93: =VLOOKUP($A93,'Seg Diario'!$B$12:$HJ$76,133,FALSE) -> 1 | M93: =VLOOKUP($A93,'Seg Diario'!$B$12:$HJ$76,148,FALSE) -> 1 | N93: =VLOOKUP($A93,'Seg Diario'!$B$12:$HJ$76,193,FALSE) -> 1 | O93: =VLOOKUP($A93,'Seg Diario'!$B$12:$HJ$76,178,FALSE) -> 1 | P93: =VLOOKUP($A93,'Seg Diario'!$B$12:$HJ$76,213,FALSE) -> 1
A94: T015 | B94: T15 | C94: B4 | D94: HELICOIDAL | E94: ='Seg Diario'!BF26 -> 1 | F94: ='Seg Diario'!PD26 -> 0 | G94: A | H94: =VLOOKUP($A94,'Seg Diario'!$B$12:$HJ$76,64,FALSE) -> 1 | I94: =VLOOKUP($A94,'Seg Diario'!$B$12:$HJ$76,79,FALSE) -> 1 | J94: =VLOOKUP($A94,'Seg Diario'!$B$12:$HJ$76,94,FALSE) -> 0 | K94: =VLOOKUP($A94,'Seg Diario'!$B$12:$HJ$76,109,FALSE) -> 1 | L94: =VLOOKUP($A94,'Seg Diario'!$B$12:$HJ$76,124,FALSE) -> 1 | M94: =VLOOKUP($A94,'Seg Diario'!$B$12:$HJ$76,139,FALSE) -> 1 | N94: =VLOOKUP($A94,'Seg Diario'!$B$12:$HJ$76,184,FALSE) -> 1 | O94: =VLOOKUP($A94,'Seg Diario'!$B$12:$HJ$76,169,FALSE) -> 1 | P94: =VLOOKUP($A94,'Seg Diario'!$B$12:$HJ$76,204,FALSE) -> 1 | AC94: MEC
A95: T015 | G95: B | H95: =VLOOKUP($A94,'Seg Diario'!$B$12:$HJ$76,67,FALSE) -> 1 | I95: =VLOOKUP($A95,'Seg Diario'!$B$12:$HJ$76,82,FALSE) -> 1 | J95: =VLOOKUP($A95,'Seg Diario'!$B$12:$HJ$76,97,FALSE) -> 0 | K95: =VLOOKUP($A95,'Seg Diario'!$B$12:$HJ$76,112,FALSE) -> 1 | L95: =VLOOKUP($A95,'Seg Diario'!$B$12:$HJ$76,127,FALSE) -> 1 | M95: =VLOOKUP($A95,'Seg Diario'!$B$12:$HJ$76,142,FALSE) -> 1 | N95: =VLOOKUP($A95,'Seg Diario'!$B$12:$HJ$76,187,FALSE) -> 1 | O95: =VLOOKUP($A95,'Seg Diario'!$B$12:$HJ$76,172,FALSE) -> 1 | P95: =VLOOKUP($A95,'Seg Diario'!$B$12:$HJ$76,207,FALSE) -> 1
A96: T015 | G96: C | H96: =VLOOKUP($A94,'Seg Diario'!$B$12:$HJ$76,70,FALSE) -> 1 | I96: =VLOOKUP($A96,'Seg Diario'!$B$12:$HJ$76,85,FALSE) -> 1 | J96: =VLOOKUP($A96,'Seg Diario'!$B$12:$HJ$76,100,FALSE) -> 0 | K96: =VLOOKUP($A96,'Seg Diario'!$B$12:$HJ$76,115,FALSE) -> 1 | L96: =VLOOKUP($A96,'Seg Diario'!$B$12:$HJ$76,130,FALSE) -> 1 | M96: =VLOOKUP($A96,'Seg Diario'!$B$12:$HJ$76,145,FALSE) -> 1 | N96: =VLOOKUP($A96,'Seg Diario'!$B$12:$HJ$76,190,FALSE) -> 1 | O96: =VLOOKUP($A96,'Seg Diario'!$B$12:$HJ$76,175,FALSE) -> 1 | P96: =VLOOKUP($A96,'Seg Diario'!$B$12:$HJ$76,210,FALSE) -> 1
A97: T015 | G97: D | H97: =VLOOKUP($A94,'Seg Diario'!$B$12:$HJ$76,73,FALSE) -> 1 | I97: =VLOOKUP($A97,'Seg Diario'!$B$12:$HJ$76,88,FALSE) -> 1 | J97: =VLOOKUP($A97,'Seg Diario'!$B$12:$HJ$76,103,FALSE) -> 0 | K97: =VLOOKUP($A97,'Seg Diario'!$B$12:$HJ$76,118,FALSE) -> 1 | L97: =VLOOKUP($A97,'Seg Diario'!$B$12:$HJ$76,133,FALSE) -> 1 | M97: =VLOOKUP($A97,'Seg Diario'!$B$12:$HJ$76,148,FALSE) -> 1 | N97: =VLOOKUP($A97,'Seg Diario'!$B$12:$HJ$76,193,FALSE) -> 1 | O97: =VLOOKUP($A97,'Seg Diario'!$B$12:$HJ$76,178,FALSE) -> 1 | P97: =VLOOKUP($A97,'Seg Diario'!$B$12:$HJ$76,213,FALSE) -> 1
A98: T016 | B98: T16 | C98: A5 | D98: HELICOIDAL | E98: ='Seg Diario'!BF27 -> 1 | F98: ='Seg Diario'!PD27 -> 1 | G98: A | H98: =VLOOKUP($A98,'Seg Diario'!$B$12:$HJ$76,64,FALSE) -> 1 | I98: =VLOOKUP($A98,'Seg Diario'!$B$12:$HJ$76,79,FALSE) -> 1 | J98: =VLOOKUP($A98,'Seg Diario'!$B$12:$HJ$76,94,FALSE) -> 1 | K98: =VLOOKUP($A98,'Seg Diario'!$B$12:$HJ$76,109,FALSE) -> 1 | L98: =VLOOKUP($A98,'Seg Diario'!$B$12:$HJ$76,124,FALSE) -> 1 | M98: =VLOOKUP($A98,'Seg Diario'!$B$12:$HJ$76,139,FALSE) -> 1 | N98: =VLOOKUP($A98,'Seg Diario'!$B$12:$HJ$76,184,FALSE) -> 1 | O98: =VLOOKUP($A98,'Seg Diario'!$B$12:$HJ$76,169,FALSE) -> 1 | P98: =VLOOKUP($A98,'Seg Diario'!$B$12:$HJ$76,204,FALSE) -> 1
A99: T016 | G99: B | H99: =VLOOKUP($A98,'Seg Diario'!$B$12:$HJ$76,67,FALSE) -> 1 | I99: =VLOOKUP($A99,'Seg Diario'!$B$12:$HJ$76,82,FALSE) -> 1 | J99: =VLOOKUP($A99,'Seg Diario'!$B$12:$HJ$76,97,FALSE) -> 1 | K99: =VLOOKUP($A99,'Seg Diario'!$B$12:$HJ$76,112,FALSE) -> 1 | L99: =VLOOKUP($A99,'Seg Diario'!$B$12:$HJ$76,127,FALSE) -> 1 | M99: =VLOOKUP($A99,'Seg Diario'!$B$12:$HJ$76,142,FALSE) -> 1 | N99: =VLOOKUP($A99,'Seg Diario'!$B$12:$HJ$76,187,FALSE) -> 1 | O99: =VLOOKUP($A99,'Seg Diario'!$B$12:$HJ$76,172,FALSE) -> 1 | P99: =VLOOKUP($A99,'Seg Diario'!$B$12:$HJ$76,207,FALSE) -> 1
A100: T016 | G100: C | H100: =VLOOKUP($A98,'Seg Diario'!$B$12:$HJ$76,70,FALSE) -> 1 | I100: =VLOOKUP($A100,'Seg Diario'!$B$12:$HJ$76,85,FALSE) -> 1 | J100: =VLOOKUP($A100,'Seg Diario'!$B$12:$HJ$76,100,FALSE) -> 1 | K100: =VLOOKUP($A100,'Seg Diario'!$B$12:$HJ$76,115,FALSE) -> 1 | L100: =VLOOKUP($A100,'Seg Diario'!$B$12:$HJ$76,130,FALSE) -> 1 | M100: =VLOOKUP($A100,'Seg Diario'!$B$12:$HJ$76,145,FALSE) -> 1 | N100: =VLOOKUP($A100,'Seg Diario'!$B$12:$HJ$76,190,FALSE) -> 1 | O100: =VLOOKUP($A100,'Seg Diario'!$B$12:$HJ$76,175,FALSE) -> 1 | P100: =VLOOKUP($A100,'Seg Diario'!$B$12:$HJ$76,210,FALSE) -> 1
A101: T016 | G101: D | H101: =VLOOKUP($A98,'Seg Diario'!$B$12:$HJ$76,73,FALSE) -> 1 | I101: =VLOOKUP($A101,'Seg Diario'!$B$12:$HJ$76,88,FALSE) -> 1 | J101: =VLOOKUP($A101,'Seg Diario'!$B$12:$HJ$76,103,FALSE) -> 1 | K101: =VLOOKUP($A101,'Seg Diario'!$B$12:$HJ$76,118,FALSE) -> 1 | L101: =VLOOKUP($A101,'Seg Diario'!$B$12:$HJ$76,133,FALSE) -> 1 | M101: =VLOOKUP($A101,'Seg Diario'!$B$12:$HJ$76,148,FALSE) -> 1 | N101: =VLOOKUP($A101,'Seg Diario'!$B$12:$HJ$76,193,FALSE) -> 1 | O101: =VLOOKUP($A101,'Seg Diario'!$B$12:$HJ$76,178,FALSE) -> 1 | P101: =VLOOKUP($A101,'Seg Diario'!$B$12:$HJ$76,213,FALSE) -> 1
A102: T017 | B102: T17 | C102: A3 | D102: ZAPATA | E102: ='Seg Diario'!BF28 -> 1 | F102: ='Seg Diario'!PD28 -> 0 | G102: A | H102: =VLOOKUP($A102,'Seg Diario'!$B$12:$HJ$76,64,FALSE) -> 1 | I102: =VLOOKUP($A102,'Seg Diario'!$B$12:$HJ$76,79,FALSE) -> 1 | J102: =VLOOKUP($A102,'Seg Diario'!$B$12:$HJ$76,94,FALSE) -> 0 | K102: =VLOOKUP($A102,'Seg Diario'!$B$12:$HJ$76,109,FALSE) -> 1 | L102: =VLOOKUP($A102,'Seg Diario'!$B$12:$HJ$76,124,FALSE) -> 1 | M102: =VLOOKUP($A102,'Seg Diario'!$B$12:$HJ$76,139,FALSE) -> 1 | N102: =VLOOKUP($A102,'Seg Diario'!$B$12:$HJ$76,184,FALSE) -> 1 | O102: =VLOOKUP($A102,'Seg Diario'!$B$12:$HJ$76,169,FALSE) -> 1 | P102: =VLOOKUP($A102,'Seg Diario'!$B$12:$HJ$76,204,FALSE) -> 1
A103: T017 | G103: B | H103: =VLOOKUP($A102,'Seg Diario'!$B$12:$HJ$76,67,FALSE) -> 1 | I103: =VLOOKUP($A103,'Seg Diario'!$B$12:$HJ$76,82,FALSE) -> 1 | J103: =VLOOKUP($A103,'Seg Diario'!$B$12:$HJ$76,97,FALSE) -> 0 | K103: =VLOOKUP($A103,'Seg Diario'!$B$12:$HJ$76,112,FALSE) -> 1 | L103: =VLOOKUP($A103,'Seg Diario'!$B$12:$HJ$76,127,FALSE) -> 1 | M103: =VLOOKUP($A103,'Seg Diario'!$B$12:$HJ$76,142,FALSE) -> 1 | N103: =VLOOKUP($A103,'Seg Diario'!$B$12:$HJ$76,187,FALSE) -> 1 | O103: =VLOOKUP($A103,'Seg Diario'!$B$12:$HJ$76,172,FALSE) -> 1 | P103: =VLOOKUP($A103,'Seg Diario'!$B$12:$HJ$76,207,FALSE) -> 1
A104: T017 | G104: C | H104: =VLOOKUP($A102,'Seg Diario'!$B$12:$HJ$76,70,FALSE) -> 1 | I104: =VLOOKUP($A104,'Seg Diario'!$B$12:$HJ$76,85,FALSE) -> 1 | J104: =VLOOKUP($A104,'Seg Diario'!$B$12:$HJ$76,100,FALSE) -> 0 | K104: =VLOOKUP($A104,'Seg Diario'!$B$12:$HJ$76,115,FALSE) -> 1 | L104: =VLOOKUP($A104,'Seg Diario'!$B$12:$HJ$76,130,FALSE) -> 1 | M104: =VLOOKUP($A104,'Seg Diario'!$B$12:$HJ$76,145,FALSE) -> 1 | N104: =VLOOKUP($A104,'Seg Diario'!$B$12:$HJ$76,190,FALSE) -> 1 | O104: =VLOOKUP($A104,'Seg Diario'!$B$12:$HJ$76,175,FALSE) -> 1 | P104: =VLOOKUP($A104,'Seg Diario'!$B$12:$HJ$76,210,FALSE) -> 1
A105: T017 | G105: D | H105: =VLOOKUP($A102,'Seg Diario'!$B$12:$HJ$76,73,FALSE) -> 1 | I105: =VLOOKUP($A105,'Seg Diario'!$B$12:$HJ$76,88,FALSE) -> 1 | J105: =VLOOKUP($A105,'Seg Diario'!$B$12:$HJ$76,103,FALSE) -> 0 | K105: =VLOOKUP($A105,'Seg Diario'!$B$12:$HJ$76,118,FALSE) -> 1 | L105: =VLOOKUP($A105,'Seg Diario'!$B$12:$HJ$76,133,FALSE) -> 1 | M105: =VLOOKUP($A105,'Seg Diario'!$B$12:$HJ$76,148,FALSE) -> 1 | N105: =VLOOKUP($A105,'Seg Diario'!$B$12:$HJ$76,193,FALSE) -> 1 | O105: =VLOOKUP($A105,'Seg Diario'!$B$12:$HJ$76,178,FALSE) -> 1 | P105: =VLOOKUP($A105,'Seg Diario'!$B$12:$HJ$76,213,FALSE) -> 1
A106: T018 | B106: T18 | C106: B2 | D106: ZAPATA | E106: ='Seg Diario'!BF29 -> 1 | F106: ='Seg Diario'!PD29 -> 0 | G106: A | H106: =VLOOKUP($A106,'Seg Diario'!$B$12:$HJ$76,64,FALSE) -> 1 | I106: =VLOOKUP($A106,'Seg Diario'!$B$12:$HJ$76,79,FALSE) -> 1 | J106: =VLOOKUP($A106,'Seg Diario'!$B$12:$HJ$76,94,FALSE) -> 0 | K106: =VLOOKUP($A106,'Seg Diario'!$B$12:$HJ$76,109,FALSE) -> 1 | L106: =VLOOKUP($A106,'Seg Diario'!$B$12:$HJ$76,124,FALSE) -> 1 | M106: =VLOOKUP($A106,'Seg Diario'!$B$12:$HJ$76,139,FALSE) -> 1 | N106: =VLOOKUP($A106,'Seg Diario'!$B$12:$HJ$76,184,FALSE) -> 1 | O106: =VLOOKUP($A106,'Seg Diario'!$B$12:$HJ$76,169,FALSE) -> 1 | P106: =VLOOKUP($A106,'Seg Diario'!$B$12:$HJ$76,204,FALSE) -> 1 | AC106: IJAJI
A107: T018 | G107: B | H107: =VLOOKUP($A106,'Seg Diario'!$B$12:$HJ$76,67,FALSE) -> 1 | I107: =VLOOKUP($A107,'Seg Diario'!$B$12:$HJ$76,82,FALSE) -> 1 | J107: =VLOOKUP($A107,'Seg Diario'!$B$12:$HJ$76,97,FALSE) -> 0 | K107: =VLOOKUP($A107,'Seg Diario'!$B$12:$HJ$76,112,FALSE) -> 1 | L107: =VLOOKUP($A107,'Seg Diario'!$B$12:$HJ$76,127,FALSE) -> 1 | M107: =VLOOKUP($A107,'Seg Diario'!$B$12:$HJ$76,142,FALSE) -> 1 | N107: =VLOOKUP($A107,'Seg Diario'!$B$12:$HJ$76,187,FALSE) -> 1 | O107: =VLOOKUP($A107,'Seg Diario'!$B$12:$HJ$76,172,FALSE) -> 1 | P107: =VLOOKUP($A107,'Seg Diario'!$B$12:$HJ$76,207,FALSE) -> 1
A108: T018 | G108: C | H108: =VLOOKUP($A106,'Seg Diario'!$B$12:$HJ$76,70,FALSE) -> 1 | I108: =VLOOKUP($A108,'Seg Diario'!$B$12:$HJ$76,85,FALSE) -> 1 | J108: =VLOOKUP($A108,'Seg Diario'!$B$12:$HJ$76,100,FALSE) -> 0 | K108: =VLOOKUP($A108,'Seg Diario'!$B$12:$HJ$76,115,FALSE) -> 1 | L108: =VLOOKUP($A108,'Seg Diario'!$B$12:$HJ$76,130,FALSE) -> 1 | M108: =VLOOKUP($A108,'Seg Diario'!$B$12:$HJ$76,145,FALSE) -> 1 | N108: =VLOOKUP($A108,'Seg Diario'!$B$12:$HJ$76,190,FALSE) -> 1 | O108: =VLOOKUP($A108,'Seg Diario'!$B$12:$HJ$76,175,FALSE) -> 1 | P108: =VLOOKUP($A108,'Seg Diario'!$B$12:$HJ$76,210,FALSE) -> 1
A109: T018 | G109: D | H109: =VLOOKUP($A106,'Seg Diario'!$B$12:$HJ$76,73,FALSE) -> 1 | I109: =VLOOKUP($A109,'Seg Diario'!$B$12:$HJ$76,88,FALSE) -> 1 | J109: =VLOOKUP($A109,'Seg Diario'!$B$12:$HJ$76,103,FALSE) -> 0 | K109: =VLOOKUP($A109,'Seg Diario'!$B$12:$HJ$76,118,FALSE) -> 1 | L109: =VLOOKUP($A109,'Seg Diario'!$B$12:$HJ$76,133,FALSE) -> 1 | M109: =VLOOKUP($A109,'Seg Diario'!$B$12:$HJ$76,148,FALSE) -> 1 | N109: =VLOOKUP($A109,'Seg Diario'!$B$12:$HJ$76,193,FALSE) -> 1 | O109: =VLOOKUP($A109,'Seg Diario'!$B$12:$HJ$76,178,FALSE) -> 1 | P109: =VLOOKUP($A109,'Seg Diario'!$B$12:$HJ$76,213,FALSE) -> 1
A110: T019 | B110: T19 | C110: A5 | D110: ZAPATA | E110: ='Seg Diario'!BF30 -> 1 | F110: ='Seg Diario'!PD30 -> 0 | G110: A | H110: =VLOOKUP($A110,'Seg Diario'!$B$12:$HJ$76,64,FALSE) -> 1 | I110: =VLOOKUP($A110,'Seg Diario'!$B$12:$HJ$76,79,FALSE) -> 1 | J110: =VLOOKUP($A110,'Seg Diario'!$B$12:$HJ$76,94,FALSE) -> 0 | K110: =VLOOKUP($A110,'Seg Diario'!$B$12:$HJ$76,109,FALSE) -> 1 | L110: =VLOOKUP($A110,'Seg Diario'!$B$12:$HJ$76,124,FALSE) -> 1 | M110: =VLOOKUP($A110,'Seg Diario'!$B$12:$HJ$76,139,FALSE) -> 1 | N110: =VLOOKUP($A110,'Seg Diario'!$B$12:$HJ$76,184,FALSE) -> 1 | O110: =VLOOKUP($A110,'Seg Diario'!$B$12:$HJ$76,169,FALSE) -> 1 | P110: =VLOOKUP($A110,'Seg Diario'!$B$12:$HJ$76,204,FALSE) -> 1 | Q110: ='Seg Diario'!NI31 -> 1 | AC110: IJAJI
...

Sheet Seg Diario
B1: 1 | C1: 2 | D1: 3 | E1: 4 | F1: 5 | G1: 6 | H1: 7 | I1: 8 | J1: 9 | K1: 10 | L1: 11 | M1: 12 | N1: 13 | O1: 14 | P1: 15 | Q1: 16 | R1: 17 | S1: 18 | T1: 19 | U1: 20 | V1: 21 | W1: 22 | X1: 23 | Y1: 24 | Z1: 25 | AA1: 26 | AB1: 27 | AC1: 28 | AD1: 29 | AE1: 30 | AF1: 31 | AG1: 32 | AH1: 33 | AI1: 34 | AJ1: 35 | AK1: 36 | AL1: 37 | AM1: 38 | AN1: 39 | AO1: 40 | AP1: 41 | AQ1: 42 | AR1: 43 | AS1: 44 | AT1: 45 | AU1: 46 | AV1: 47 | AW1: 48 | AX1: 49 | AY1: 50 | AZ1: 51 | BA1: 52 | BB1: 53 | BC1: 54 | BD1: 55 | BE1: 56 | BF1: 57 | BG1: 58 | BH1: 59 | BI1: 60 | BJ1: 61 | BK1: 62 | BL1: 63 | BM1: 64 | BN1: 65 | BO1: 66 | BP1: 67 | BQ1: 68 | BR1: 69 | BS1: 70 | BT1: 71 | BU1: 72 | BV1: 73 | BW1: 74 | BX1: 75 | BY1: 76 | BZ1: 77 | CA1: 78 | CB1: 79 | CC1: 80 | CD1: 81 | CE1: 82 | CF1: 83 | CG1: 84 | CH1: 85 | CI1: 86 | CJ1: 87 | CK1: 88 | CL1: 89 | CM1: 90 | CN1: 91 | CO1: 92 | CP1: 93 | CQ1: 94 | CR1: 95 | CS1: 96 | CT1: 97 | CU1: 98 | CV1: 99 | CW1: 100 | CX1: 101 | CY1: 102 | CZ1: 103 | DA1: 104 | DB1: 105 | DC1: 106 | DD1: 107 | DE1: 108 | DF1: 109 | DG1: 110 | DH1: 111 | DI1: 112 | DJ1: 113 | DK1: 114 | DL1: 115 | DM1: 116 | DN1: 117 | DO1: 118 | DP1: 119 | DQ1: 120 | DR1: 121 | DS1: 122 | DT1: 123 | DU1: 124 | DV1: 125 | DW1: 126 | DX1: 127 | DY1: 128 | DZ1: 129 | EA1: 130 | EB1: 131 | EC1: 132 | ED1: 133 | EE1: 134 | EF1: 135 | EG1: 136 | EH1: 137 | EI1: 138 | EJ1: 139 | EK1: 140 | EL1: 141 | EM1: 142 | EN1: 143 | EO1: 144 | EP1: 145 | EQ1: 146 | ER1: 147 | ES1: 148 | ET1: 149 | EU1: 150 | EV1: 151 | EW1: 152 | EX1: 153 | EY1: 154 | EZ1: 155 | FA1: 156 | FB1: 157 | FC1: 158 | FD1: 159 | FE1: 160 | FF1: 161 | FG1: 162 | FH1: 163 | FI1: 164 | FJ1: 165 | FK1: 166 | FL1: 167 | FM1: 168 | FN1: 169 | FO1: 170 | FP1: 171 | FQ1: 172 | FR1: 173 | FS1: 174 | FT1: 175 | FU1: 176 | FV1: 177 | FW1: 178 | FX1: 179 | FY1: 180 | FZ1: 181 | GA1: 182 | GB1: 183 | GC1: 184 | GD1: 185 | GE1: 186 | GF1: 187 | GG1: 188 | GH1: 189 | GI1: 190 | GJ1: 191 | GK1: 192 | GL1: 193 | GM1: 194 | GN1: 195 | GO1: 196 | GP1: 197 | GQ1: 198 | GR1: 199 | GS1: 200 | GT1: 201 | GU1: 202 | GV1: 203 | GW1: 204 | GX1: 205 | GY1: 206 | GZ1: 207 | HA1: 208 | HB1: 209 | HC1: 210 | HD1: 211 | HE1: 212 | HF1: 213 | HG1: 214 | HH1: 215 | HI1: 216 | HJ1: 217 | HK1: 218 | HL1: 219 | HM1: 220 | HN1: 221 | HO1: 222 | HP1: 223 | HQ1: 224 | HR1: 225 | HS1: 226 | HT1: 227 | HU1: 228 | HV1: 229 | HW1: 230 | HX1: 231 | HY1: 232 | HZ1: 233 | IA1: 234 | IB1: 235 | IC1: 236 | ID1: 237 | IE1: 238 | IF1: 239 | IH1: 240 | II1: 241 | IJ1: 242 | IK1: 243 | IL1: 244 | IM1: 245 | IN1: =IM1+1 -> 246 | IO1: =IN1+1 -> 247 | IP1: =IO1+1 -> 248 | IQ1: =IP1+1 -> 249 | IR1: =IQ1+1 -> 250 | IS1: =IR1+1 -> 251 | IT1: =IS1+1 -> 252 | IU1: =IT1+1 -> 253 | ... KI1: =KH1+1 -> 293 | KJ1: =KE1+1 -> 290 | KK1: =KJ1+1 -> 291 | KL1: =KK1+1 -> 292 | KM1: =KL1+1 -> 293 | KN1: =KM1+1 -> 294 | KO1: =KN1+1 -> 295 | KP1: =KO1+1 -> 296 | KQ1: =KP1+1 -> 297 | KR1: =KQ1+1 -> 298 | ... NP1: =NO1+1 -> 374 | NQ1: =NL1+1 -> 371 | NR1: =NQ1+1 -> 372 | NS1: =NR1+1 -> 373 | NT1: =NS1+1 -> 374 | NU1: =NT1+1 -> 375 | NV1: =NU1+1 -> 376 | NW1: =NV1+1 -> 377 | NX1: =NW1+1 -> 378 | NY1: =NX1+1 -> 379 | ... PE1: =PD1+1 -> 411 | PF1: =PB1+1 -> 409 | PG1: =PF1+1 -> 410 | PH1: =PG1+1 -> 411 | PI1: =PE1+1 -> 412 | PJ1: =PI1+1 -> 413 | PK1: =PJ1+1 -> 414 | PL1: =PK1+1 -> 415 | PM1: =PL1+1 -> 416 | PN1: =PM1+1 -> 417 | PO1: =PK1+1 -> 415 | PP1: =PO1+1 -> 416 | PQ1: =PP1+1 -> 417 | PR1: =PQ1+1 -> 418 | PS1: =PR1+1 -> 419 | PT1: =PS1+1 -> 420 | PU1: =PT1+1 -> 421 | PV1: =PU1+1 -> 422 | PW1: =PV1+1 -> 423 | ... QJ1: =QI1+1 -> 436
B2: 859 | FM2: 168 | FN2: 169 | FO2: 170 | FP2: 171 | FQ2: 172 | FR2: 173 | FS2: 174 | FT2: 175 | FU2: 176 | FV2: 177 | FW2: 178 | FX2: 179 | FY2: 180 | FZ2: 181 | GA2: 182 | GB2: 183 | GC2: 184 | GD2: 185 | GE2: 186 | GF2: 187 | GG2: 188 | GH2: 189 | GI2: 190 | GJ2: 191 | GK2: 192 | GL2: 193 | GM2: 194 | GN2: 195 | GO2: 196 | GP2: 197 | GQ2: 1 | GR2: 199 | GS2: 200 | GT2: 201 | GU2: 202 | GV2: 203 | GW2: 204 | GX2: 205 | GY2: 206 | GZ2: 207 | HA2: 208 | HB2: 209 | HC2: 210 | HD2: 211 | HE2: 212 | HF2: 213 | HG2: 214 | HH2: 215 | HI2: 216 | HJ2: 217 | HK2: =COLUMN()-1 -> 218 | HL2: =COLUMN()-1 -> 219 | HM2: =COLUMN()-1 -> 220 | IN2: 1
G3: p
H4: =COLUMN()-1 -> 7 | EP4: VACIADO HORMIGON, HOMOLOGA EL ARMADO DE PARRILLA | FD4: NO APLICA PARA ZAPATA | HS4: =COLUMN() -> 227 | HT4: =COLUMN() -> 228 | HU4: =COLUMN() -> 229 | HV4: =COLUMN()-1 -> 229 | HW4: =COLUMN()-1 -> 230 | HX4: =COLUMN()-1 -> 231 | HY4: =COLUMN()-1 -> 232 | HZ4: =COLUMN()-1 -> 233 | IA4: =COLUMN()-1 -> 234 | IB4: =COLUMN()-1 -> 235 | IC4: =COLUMN()-1 -> 236 | ... QS4: =COLUMN()-1 -> 460
P5: LLENO | Q5: PR 5% | HK5: 0.3 | HL5: =COLUMN() -> 220 | HM5: =COLUMN() -> 221 | IN5: 0.2 | NB5: 0.252 | NP5: 0.04 | NX5: 0.01 | PD5: =COLUMN() -> 420 | PO5: 0.1 | QF5: 0.048 | QL5: =COLUMN()-1 -> 453 | QM5: =SUM(BE5:QJ5) -> 861.95
P6: RELLENO | Q6: Z 25% y PR 25%
B7: LT 230 kV SAN FELIPE - PUERTA DE ORO - INSTELEC SAS | BY7: 0.4 | CN7: 0.05 | DR7: 0.1 | EV7: 0.4 | FZ7: 0.05 | HV7: 0.1 | HY7: 0.2 | IB7: 0.45 | IE7: 0.25
B8: CONTRATISTA: INSTELEC SAS | AF8: Diseño Mezcla=> | AG8: 8 | AH8: 0.63 | AI8: 0.67 | AL8: Diseño Mezcla=> | AM8: 9 | AN8: 0.59 | AO8: 0.68 | AR8: Diseño Mezcla=> | AS8: 4 | AT8: 1.5 | AU8: 0 | BE8: OBRA CIVIL - CIMENTACIÓN | HR8: MONTAJE | IS8: TENDIDO | NH8: OBRAS DE PROTECCION | NM8: REVISION PRUEBAS GENERAL | NQ8: PUESTA EN SERVICIO-PES | NU8: INFORME FINAL | NY8: APROVECHAMIENTO TORRES | OB8: APROVECHAMIENTO VANO (ADELANTE) | OE8: ACCESORIOS (DESVIADORES Y BALIZAS) (VANO ADELANTE) | OH8: GESTION AMBIENTAL | PT8: REPLANTEO y ACCESO
B9: SEGUIMIENTO DIARIO DE OBRA | S9: Cantidades planillas y protocolos | Z9: Cantidades de almacen | BA9: REPLANTEO | BE9: MARCACIÓN | BG9: PLANILLA APROBADA | BI9: TRANSPORTE CIMENTACIONES | BL9: EXCAVACIÓN | CA9: SOLADO | CP9: INSTALACION DE PILOTES | DE9: ACERO DE REFUERZO | DT9: NIVELACION | EI9: VACIADO HORMIGON (CONCRETO) | EX9: LLENO | FM9: RELLENO | GB9: SISTEMA PUESTA A TIERRA (BASE) | GQ9: AVANCE CIMENTACIÓN | GV9: SPT - MODULOS | HK9: AVANCE OBRA CIVIL | HR9: MONTAJE | IN9: AVANCE MONTAJE | IS9: LONGITUD | IT9: TIRO | IU9: TRANSPORTE TENDIDO | IX9: TENDIDO DE CABLE CONDUCTOR | KT9: AVANCE CABLE CONDUCTOR | KX9: FIBRA OPTICA IZQUIERDA | LV9: AVANCE CABLE DE GUARDA FO | LZ9: FIBRA OPTICA DERECHA | MX9: AVANCE CABLE DE GUARDA CONVENCIONAL | NB9: AVANCE TENDIDO | NH9: OBRAS COMPLEMENTARIAS | NY9: OBRAS COMPLEMENTARIAS | OB9: OBRAS COMPLEMENTARIAS | OE9: OBRAS COMPLEMENTARIAS | OH9: GESTION AMBIENTAL | PO9: AVANCE GESTION AMBIENTAL | PT9: REPLANTEO y ACCESO | QF9: AVANCE REPLANTEO y ACCESO
B10: NUMERO | C10: TIRO TENDIDO | D10: TIPO CIMENTACION | E10: TIPO DE | F10: PESO ESTRUC. | G10: CUADRILLA | H10: CUADRILLA | I10: CUADRILLA | J10: (T F) TIPO DE FUNDACION - CONTRATO (INGENIERIA) | N10: TIPO ACCESO | O10: (T F) TIPO DE FUNDACION - CONSTRUIDA | S10: CIMENTACIONES | T10: Acero Kg | U10: Parrilla kg | V10: Concreto m3 | W10: Solado m3 | X10: Microp ml | Y10: Relleno m3 | Z10: Excav m3 | AA10: Acero Kg | AB10: Parrilla kg | AC10: Concreto 3000 psi m3 | AD10: Cemento Concreto 3000 psi | AE10: Arena Concreto 3000 psi | AF10: Grava Concreto 3000 psi | AG10: Cemento Equivalente Conc. 3000 psi | AH10: Arena Equivalente Conc. 3000 psi | AI10: Grava Equivalente Conc. 3000 psi | AJ10: Cemento Concreto 4000 psi | AK10: Arena Concreto 4000 psi | AL10: Grava Concreto 4000 psi | AM10: Cemento Equivalente Conc. 4000 psi | AN10: Arena Equivalente Conc. 4000 psi | AO10: Grava Equivalente Conc. 4000 psi | AP10: Cemento Concreto 1500 psi | AQ10: Arena Concreto 1500 psi | AR10: Grava Concreto 1500 psi | AS10: Cemento Equivalente Conc. 1500 psi | AT10: Arena Equivalente Conc. 1500 psi | AU10: Grava Equivalente Conc. 1500 psi | AV10: Barras MP | AW10: Liberación Arqueologica | AY10: Restricción para | AZ10: Observaciones | BA10: RESUMEN REPLANTEO | BC10: Acta No. | BD10: Fecha | BE10: TORRES | BG10: PARA EXCAVACIÓN | BI10: MATERIALES Y ESTRUCTURAS DE OBRA CIVIL | BL10: A | BO10: B | BR10: C | BU10: D | BX10: ="Total "&PROPER(BL9) -> Total Excavación | CA10: A | CD10: B | CG10: C | CJ10: D | CM10: ="Total "&PROPER(CA9) -> Total Solado | CP10: A | CS10: B | CV10: C | CY10: D | DB10: ="Total "&PROPER(CP9) -> Total Instalacion De Pilotes | DE10: A | DH10: B | DK10: C | DN10: D | DQ10: ="Total "&PROPER(DE9) -> Total Acero De Refuerzo | DT10: A | DW10: B | DZ10: C | EC10: D | EF10: ="Total "&PROPER(DT9) -> Total Nivelacion | EI10: A | EL10: B | EO10: C | ER10: D | EU10: ="Total "&PROPER(EI9) -> Total Vaciado Hormigon (Concreto) | EX10: A | FA10: B | FD10: C | FG10: D | FJ10: ="Total "&PROPER(EX9) -> Total Lleno | FM10: A | FP10: B | FS10: C | FV10: D | FY10: ="Total "&PROPER(FM9) -> Total Relleno | GB10: A | GE10: B | GH10: C | GK10: D | GN10: ="Total "&PROPER(GB9) -> Total Sistema Puesta A Tierra (Base) | GQ10: Porcentaje | GR10: Fecha | GS10: Fecha | GT10: Acta No. | GU10: Fecha | GV10: A | GY10: B | HB10: C | HE10: D | HH10: ="Total "&PROPER(GV9) -> Total Spt - Modulos | HK10: Porcentaje | HL10: Fecha | HM10: Fecha | HN10: Acta No. | HO10: Fecha | HP10: OK CONCRETO | HR10: SELECCIÓN | HU10: TRANSPORTE ESTRUCTURA | HX10: PREARMADO | IA10: ARMADO | ID10: REVISIÓN | IG10: Verticalidad y torsión | IH10: RECIBIDA x INSTELEC SUPERVISIÓN | IK10: ENTREGA a WSP | IN10: Porcentaje | IO10: Fecha | IP10: Fecha | IQ10: Acta No. | IR10: Fecha | IS10: LINEAL | IT10: NUMERO | IU10: TRANSPORTE PARA LOS TENDIDOS DE CONDUCTOR Y GUARDAS | IX10: TCC PROTECCIONES EN CRUCES | JA10: TCC VESTIDA | JD10: TCC RIEGA MANILA | JH10: TCC RIEGA GUAYA | JL10: TCC C1-FASE 1 | JP10: TCC C1-FASE 2 | JT10: TCC C1-FASE 3 | JX10: TCC C2-FASE 1 | KB10: TCC C2-FASE 2 | KF10: TCC C2-FASE 3 | KJ10: TCC INSTALACION DE PUENTES Y GRAPADO | KN10: TCC AMARRE-GRAPADO-REGULACIÓN | KQ10: TGFO REVISION y ENTREGA | KT10: Porcentaje | KU10: kilómetros | KV10: Fecha | KW10: Fecha | KX10: TGFO VESTIDA | LA10: TGFO RIEGA DE MANILA | LE10: TGFO RIEGA DE GUAYA | LI10: TGFO RIEGA DEL CABLE OPGW | LM10: TGFO AMARRE-GRAPADO-REGULACIÓN | LP10: TGFO INSTALACION ACCESORIOS | LS10: TGFO REVISION y ENTREGA | LV10: Porcentaje | LW10: kilómetros | LX10: Fecha | LY10: Fecha | LZ10: TGCONV VESTIDA | MC10: TGCONV RIEGA DE MANILA | MG10: TGCONV RIEGA DE GUAYA | MK10: TGCONV RIEGA DEL CABLE OPGW | MO10: TGCONV AMARRE-GRAPADO-REGULACIÓN | MR10: TGCONV INSTALACION ACCESORIOS | MU10: TGCONV REVISION y ENTREGA | MX10: Porcentaje | MY10: kilómetros | MZ10: Fecha | NA10: Fecha | NB10: Porcentaje | NC10: kilómetros | ND10: Fecha | NE10: Fecha | NF10: Acta No. | NG10: Fecha | NH10: Fecha | NI10: Porcentaje | NJ10: Fecha | NK10: Acta No. | NL10: Fecha | NM10: Porcentaje | NN10: kilómetros | NO10: Fecha | NP10: Fecha | NQ10: Porcentaje | NR10: kilómetros | NS10: Fecha | NT10: Fecha | NU10: Porcentaje | NV10: kilómetros | NW10: Fecha | NX10: Fecha | NY10: Fecha | NZ10: Porcentaje | OA10: Fecha | OB10: Fecha | OC10: Porcentaje | OD10: Fecha | OE10: Fecha | OF10: Porcentaje | OG10: Fecha | OH10: DEFINICION | OK10: EJECUCION | ON10: INVENTARIO | OQ10: VERIFICACION CUERPOS DE AGUA | OT10: PROSPECCION ARQUEOLOGICA | OW10: ADECUACION ACCESOS | OZ10: AHUYENTAMIENTO DE ESPECIES | PC10: APROVECHAMIENTO FORESTAL | PF10: APROVECHAMIENTO VANO ( + ) | PI10: MONITOREO ARQUEOLOGICO | PL10: MONITOREO CAMPO | PO10: Porcentaje | PP10: Fecha | PQ10: Fecha | PR10: Acta No. | PS10: Fecha | PT10: REPLANTEO DE SITIO TORRE | PW10: INFORME REPLANTEO | PZ10: PLAN DE ACCESO | QC10: APROBACION REPLANTEO y PLAN ACCESO | QF10: Porcentaje | QG10: Fecha | QH10: Fecha | QI10: Acta No. | QJ10: Fecha | QL10: AVANCE TENDIDO CONDUCTOR | QO10: PINTURA PATAS | QR10: MEDICION SPT
B11: TORRE | D11: TORRE | E11: TORRE | F11: TONELADAS | G11: OBRA CIVIL | H11: P: Pre M: MONTAJE | I11: TENDIDO | J11: A | K11: B | L11: C | M11: D | N11: TIPO | O11: A | P11: B | Q11: C | R11: D | AD11: bulto 50kg | AE11: m3 | AF11: m3 | AG11: m3 | AH11: m3 | AI11: m3 | AJ11: bulto 50kg | AK11: m3 | AL11: m3 | AM11: m3 | AN11: m3 | AO11: m3 | AP11: bulto 50kg | AQ11: m3 | AR11: m3 | AS11: m3 | AT11: m3 | AU11: m3 | AV11: ml | AW11: Monitoreo | AX11: Estado | AY11: Construcción | BA11: Fecha | BB11: Avance | BC11: Facturación | BD11: Acta | BE11: Fecha | BF11: Avance | BG11: Fecha | BH11: Avance | BI11: Fecha ini | BJ11: Avance | BK11: Fecha fin | BL11: Fecha ini | BM11: Avance | BN11: Fecha fin | BO11: Fecha ini | BP11: Avance | BQ11: Fecha fin | BR11: Fecha ini | BS11: Avance | BT11: Fecha fin | BU11: Fecha ini | BV11: Avance | BW11: Fecha fin | BX11: Fecha ini | BY11: Avance | BZ11: Fecha fin | CA11: Fecha ini | CB11: Avance | CC11: Fecha fin | CD11: Fecha ini | CE11: Avance | CF11: Fecha fin | CG11: Fecha ini | CH11: Avance | CI11: Fecha fin | CJ11: Fecha ini | CK11: Avance | CL11: Fecha fin | CM11: Fecha ini | CN11: Avance | CO11: Fecha fin | CP11: Fecha ini | CQ11: Avance | CR11: Fecha fin | CS11: Fecha ini | CT11: Avance | CU11: Fecha fin | CV11: Fecha ini | CW11: Avance | CX11: Fecha fin | CY11: Fecha ini | CZ11: Avance | DA11: Fecha fin | DB11: Fecha ini | DC11: Avance | DD11: Fecha fin | DE11: Fecha ini | DF11: Avance | DG11: Fecha fin | DH11: Fecha ini | DI11: Avance | DJ11: Fecha fin | DK11: Fecha ini | DL11: Avance | DM11: Fecha fin | DN11: Fecha ini | DO11: Avance | DP11: Fecha fin | DQ11: Fecha ini | DR11: Avance | DS11: Fecha fin | DT11: Fecha ini | DU11: Avance | DV11: Fecha fin | DW11: Fecha ini | DX11: Avance | DY11: Fecha fin | DZ11: Fecha ini | EA11: Avance | EB11: Fecha fin | EC11: Fecha ini | ED11: Avance | EE11: Fecha fin | EF11: Fecha ini | EG11: Avance | EH11: Fecha fin | EI11: Fecha ini | EJ11: Avance | EK11: Fecha fin | EL11: Fecha ini | EM11: Avance | EN11: Fecha fin | EO11: Fecha ini | EP11: Avance | EQ11: Fecha fin | ER11: Fecha ini | ES11: Avance | ET11: Fecha fin | EU11: Fecha ini | EV11: Avance | EW11: Fecha fin | EX11: Fecha ini | EY11: Avance | EZ11: Fecha fin | FA11: Fecha ini | FB11: Avance | FC11: Fecha fin | FD11: Fecha ini | FE11: Avance | FF11: Fecha fin | FG11: Fecha ini | FH11: Avance | FI11: Fecha fin | FJ11: Fecha ini | FK11: Avance | FL11: Fecha fin | FM11: Fecha ini | FN11: Avance | FO11: Fecha fin | FP11: Fecha ini | FQ11: Avance | FR11: Fecha fin | FS11: Fecha ini | FT11: Avance | FU11: Fecha fin | FV11: Fecha ini | FW11: Avance | FX11: Fecha fin | FY11: Fecha ini | FZ11: Avance | GA11: Fecha fin | GB11: Fecha ini | GC11: Avance | GD11: Fecha fin | GE11: Fecha ini | GF11: Avance | GG11: Fecha fin | GH11: Fecha ini | GI11: Avance | GJ11: Fecha fin | GK11: Fecha ini | GL11: Avance | GM11: Fecha fin | GN11: Fecha ini | GO11: Avance | GP11: Fecha fin | GQ11: Avance | GR11: Inicio | GS11: Terminación | GT11: Facturación | GU11: Acta | GV11: Fecha ini | GW11: Avance | GX11: Fecha fin | GY11: Fecha ini | GZ11: Avance | HA11: Fecha fin | HB11: Fecha ini | HC11: Avance | HD11: Fecha fin | HE11: Fecha ini | HF11: Avance | HG11: Fecha fin | HH11: Fecha ini | HI11: Avance | HJ11: Fecha fin | HK11: Avance | HL11: Inicio | HM11: Terminación | HN11: Facturación | HO11: Acta | HP11: CUMPLE ENSAYO | HR11: Fecha ini | HS11: Avance | HT11: Fecha fin | HU11: Fecha ini | HV11: Avance | HW11: Fecha fin | HX11: Fecha ini | HY11: Avance | HZ11: Fecha fin | IA11: Fecha ini | IB11: Avance | IC11: Fecha fin | ID11: Fecha ini | IE11: Avance | IF11: Fecha fin | IG11: Fecha | IH11: Fecha ini | II11: Avance | IJ11: Fecha fin | IK11: Fecha ini | IL11: Avance | IM11: Fecha fin | IN11: Avance | IO11: Inicio | IP11: Terminación | IQ11: Facturación | IR11: Acta | IS11: VANO [m] | IT11: TENDIDO | IU11: Fecha ini | IV11: Avance | IW11: Fecha fin | IX11: Fecha ini | IY11: Avance | IZ11: Fecha fin | JA11: Fecha ini | JB11: Avance | JC11: Fecha fin | JD11: km | JE11: Fecha ini | JF11: Avance | JG11: Fecha fin | JH11: km | JI11: Fecha ini | JJ11: Avance | JK11: Fecha fin | JL11: km | JM11: Fecha ini | JN11: Avance | JO11: Fecha fin | JP11: km | JQ11: Fecha ini | JR11: Avance | JS11: Fecha fin | JT11: km | JU11: Fecha ini | JV11: Avance | JW11: Fecha fin | JX11: km | JY11: Fecha ini | JZ11: Avance | KA11: Fecha fin | KB11: km | KC11: Fecha ini | KD11: Avance | KE11: Fecha fin | KF11: km | KG11: Fecha ini | KH11: Avance | KI11: Fecha fin | KK11: Fecha ini | KL11: Avance | KM11: Fecha fin | KN11: Fecha ini | KO11: Avance | KP11: Fecha fin | KQ11: Fecha ini | KR11: Avance - Placas | KS11: Fecha fin | KT11: Avance | KU11: Realizados | KV11: Inicio | KW11: Terminación | KX11: Fecha ini | KY11: Avance | KZ11: Fecha fin | LA11: km | LB11: Fecha ini | LC11: Avance | LD11: Fecha fin | LE11: km | LF11: Fecha ini | LG11: Avance | LH11: Fecha fin | LI11: km | LJ11: Fecha ini | LK11: Avance | LL11: Fecha fin | LM11: Fecha ini | LN11: Avance | LO11: Fecha fin | LP11: Fecha ini | LQ11: Avance | LR11: Fecha fin | LS11: Fecha ini | LT11: Avance | LU11: Fecha fin | LV11: Avance | LW11: Realizados | LX11: Inicio | LY11: Terminación | LZ11: Fecha ini | MA11: Avance | MB11: Fecha fin | MC11: km | MD11: Fecha ini | ME11: Avance | MF11: Fecha fin | MG11: km | MH11: Fecha ini | MI11: Avance | MJ11: Fecha fin | MK11: km | ML11: Fecha ini | MM11: Avance | MN11: Fecha fin | MO11: Fecha ini | MP11: Avance | MQ11: Fecha fin | MR11: Fecha ini | MS11: Avance | MT11: Fecha fin | MU11: Fecha ini | MV11: Avance | MW11: Fecha fin | MX11: Avance | MY11: Realizados | MZ11: Inicio | NA11: Terminación | NB11: Avance | NC11: Realizados | ND11: Inicio | NE11: Terminación | NF11: Facturación | NG11: Acta | NH11: Inicio | NI11: Avance | NJ11: Final | NK11: Facturación | NL11: Acta | NM11: Avance | NN11: Realizados | NO11: Inicio | NP11: Terminación | NQ11: Avance | NR11: Realizados | NS11: Inicio | NT11: Terminación | NU11: Avance | NV11: Realizados | NW11: Inicio | NX11: Terminación | NY11: Inicio | NZ11: Avance | OA11: Final | OB11: Inicio | OC11: Avance | OD11: Final | OE11: Inicio | OF11: Avance | OG11: Final | OH11: Fecha ini | OI11: Avance | OJ11: Fecha fin | OK11: Fecha ini | OL11: Avance | OM11: Fecha fin | ON11: Fecha ini | OO11: Avance | OP11: Fecha fin | OQ11: Fecha ini | OR11: Avance | OS11: Fecha fin | OT11: Fecha ini | OU11: Avance | OV11: Fecha fin | OW11: Fecha ini | OX11: Avance | OY11: Fecha fin | OZ11: Fecha ini | PA11: Avance | PB11: Fecha fin | PC11: Fecha ini | PD11: Avance | PE11: Fecha fin | PF11: Fecha ini | PG11: Avance | PH11: Fecha fin | PI11: Fecha ini | PJ11: Avance | PK11: Fecha fin | PL11: Fecha ini | PM11: Avance | PN11: Fecha fin | PO11: Avance | PP11: Inicio | PQ11: Terminación | PR11: Facturación | PS11: Acta | PT11: Fecha ini | PU11: Avance | PV11: Fecha fin | PW11: Fecha ini | PX11: Avance | PY11: Fecha fin | PZ11: Fecha ini | QA11: Avance | QB11: Fecha fin | QC11: Fecha ini | QD11: Avance | QE11: Fecha fin | QF11: Avance | QG11: Inicio | QH11: Terminación | QI11: Facturación | QJ11: Acta | QL11: Avance | QM11: OBSERVACIONES | QN11: promedio condcutor tendido | QO11: FECHA INICIO | QP11: AVANCE | QQ11: FECHA FINAL | QR11: FECHA INICIO | QS11: AVANCE | QT11: FECHA FINAL
A12: 1 | B12: Portico | E12: Pórtico | IS12: 54.89 | IT12: TEND 4 | JA12: 45928 | JB12: 1 | JC12: 45928 | JD12: =JF12*$IS12/1000 -> 0.05489 | JE12: 45928 | JF12: 1 | JG12: 45928 | JH12: =JJ12*$IS12/1000 -> 0.05489 | JI12: 45928 | JJ12: 1 | JK12: 45928 | JL12: =JN12*$IS12/1000 -> 0.05489 | JM12: 45928 | JN12: 1 | JO12: 45928 | JP12: =JR12*$IS12/1000 -> 0.05489 | JQ12: 45928 | JR12: 1 | JS12: 45928 | JT12: =JV12*$IS12/1000 -> 0.05489 | JU12: 45928 | JV12: 1 | JW12: 45928 | KL12: 0 | KN12: 45928 | KO12: 1 | KP12: 45928 | KR12: 0 | KX12: 45940 | KY12: 1 | KZ12: 45940 | LA12: =LC12*$IS12/1000 -> 0.05489 | LB12: 45940 | LC12: 1 | LD12: 45940 | LE12: =LG12*$IS12/1000 -> 0.05489 | LF12: 45940 | LG12: 1 | LH12: 45940 | LI12: =LK12*$IS12/1000 -> 0.05489 | LJ12: 45940 | LK12: 1 | LL12: =IF(LJ12="","",LJ12) -> 45940 | LM12: 45940 | LN12: 1 | LO12: 45940 | LQ12: 0 | LS12: 45941 | LT12: 1 | LU12: 45941 | LZ12: 45940 | MA12: 1 | MB12: 45940 | MC12: =ME12*$IS12/1000 -> 0.05489 | MD12: 45940 | ME12: 1 | MF12: 45940 | MG12: =MI12*$IS12/1000 -> 0.05489 | MH12: 45940 | MI12: 1 | MJ12: 45940 | MK12: =MM12*$IS12/1000 -> 0.05489 | ML12: 45940 | MM12: 1 | MN12: 45940 | MO12: 45940 | MP12: 1 | MQ12: 45940 | MS12: 0 | MU12: 45941 | MV12: 1 | MW12: 45940 | PC12: N/A | PG12: 0
A13: 2 | B13: T001 | D13: HE | E13: D6 | F13: 11717.92 | G13: INST | H13: CRUZ | I13: INST | O13: Z | P13: Z | Q13: Z | R13: Z | S13: HELICOIDALES | AG13: =AD13/$AG$8 -> 0 | AH13: =AE13/$AH$8 -> 0 | AI13: =AF13/$AI$8 -> 0 | AM13: =AJ13/$AM$8 -> 0 | AN13: =AK13/$AN$8 -> 0 | AO13: =AL13/$AO$8 -> 0 | AS13: =IFERROR(AP13/$AS$8,0) -> 0 | AT13: =IFERROR(AQ13/$AT$8,0) -> 0 | AU13: =IFERROR(AR13/$AU$8,0) -> 0 | AW13: SI | AX13: =BY13 -> 1 | AY13: NO | BA13: 45495 | BB13: =PU13 -> 1 | BC13: =QI13 -> 0 | BD13: =QJ13 -> 0 | BE13: 45685 | BF13: =IF(BE13<>"",1,) -> 1 | BG13: 45689 | BH13: =IF(BG13<>"",1,) -> 1 | BI13: =BL13 -> 45693 | BJ13: 0.05 | BK13: =EW13 -> 45747 | BL13: 45693 | BM13: 1 | BN13: 45693 | BO13: 45693 | BP13: 1 | BQ13: 45694 | BR13: 45693 | BS13: 1 | BT13: 45694 | BU13: 45693 | BV13: 1 | BW13: 45693 | BX13: =IF(MIN(BL13,BO13,BR13,BU13)=0,"",MIN(BL13,BO13,BR13,BU13)) -> 45693 | BY13: =+(BV13+BS13+BP13+BM13)/4 -> 1 | BZ13: =IF(BY13=1,MAX(BN13,BQ13,BT13,BW13),"") -> 45694 | CA13: 45708 | CB13: 1 | CC13: =IF(CA13="","",CA13) -> 45708 | CD13: 45708 | CE13: 1 | CF13: =IF(CD13="","",CD13) -> 45708 | CG13: 45708 | CH13: 1 | CI13: =IF(CG13="","",CG13) -> 45708 | CJ13: 45708 | CK13: 1 | CL13: =IF(CJ13="","",CJ13) -> 45708 | CM13: =IF(MIN(CA13,CD13,CG13,CJ13)=0,"",MIN(CA13,CD13,CG13,CJ13)) -> 45708 | CN13: =+(CK13+CH13+CE13+CB13)/4 -> 1 | CO13: =IF(CN13=1,MAX(CC13,CF13,CI13,CL13),"") -> 45708 | CP13: 45694 | CQ13: 1 | CR13: 45694 | CS13: 45695 | CT13: 1 | CU13: 45695 | CV13: 45695 | CW13: 1 | CX13: 45695 | CY13: 45694 | CZ13: 1 | DA13: 45695 | DB13: =IF(MIN(CP13,CS13,CV13,CY13)=0,"",MIN(CP13,CS13,CV13,CY13)) -> 45694 | DC13: =+(CZ13+CW13+CT13+CQ13)/4 -> 1 | DD13: =IF(DC13=1,MAX(CR13,CU13,CX13,DA13),"") -> 45695 | DE13: 45744 | DF13: 1 | DG13: 45746 | DH13: 45744 | DI13: 1 | DJ13: 45746 | DK13: 45744 | DL13: 1 | DM13: 45746 | DN13: 45744 | DO13: 1 | DP13: 45746 | DQ13: =IF(MIN(DE13,DH13,DK13,DN13)=0,"",MIN(DE13,DH13,DK13,DN13)) -> 45744 | DR13: =+(DO13+DL13+DI13+DF13)/4 -> 1 | DS13: =IF(DR13=1,MAX(DG13,DJ13,DM13,DP13),"") -> 45746 | DT13: 45746 | DU13: 1 | DV13: 45746 | DW13: 45746 | DX13: 1 | DY13: 45746 | DZ13: 45746 | EA13: 1 | EB13: 45746 | EC13: 45746 | ED13: 1 | EE13: 45746 | EF13: =IF(MIN(DT13,DW13,DZ13,EC13)=0,"",MIN(DT13,DW13,DZ13,EC13)) -> 45746 | EG13: =+(ED13+EA13+DX13+DU13)/4 -> 1 | EH13: =IF(EG13=1,MAX(DV13,DY13,EB13,EE13),"") -> 45746 | EI13: 45747 | EJ13: 1 | EK13: =IF(EI13="","",EI13) -> 45747 | EL13: 45746 | EM13: 1 | EN13: =IF(EL13="","",EL13) -> 45746 | EO13: 45746 | EP13: 1 | EQ13: =IF(EO13="","",EO13) -> 45746 | ER13: 45747 | ES13: 1 | ET13: =IF(ER13="","",ER13) -> 45747 | EU13: =IF(MIN(EI13,EL13,EO13,ER13)=0,"",MIN(EI13,EL13,EO13,ER13)) -> 45746 | EV13: =+(ES13+EP13+EM13+EJ13)/4 -> 1 | EW13: =IF(EV13=1,MAX(EK13,EN13,EQ13,ET13),"") -> 45747 | EY13: 0 | FB13: 0 | FE13: 0 | FH13: 0 | FJ13: =IF(MIN(EX13,FA13,FD13,FG13)=0,"",MIN(EX13,FA13,FD13,FG13)) | FK13: 0 | FL13: 0 | FM13: 45751 | FN13: 1 | FO13: 45752 | FP13: 45751 | FQ13: 1 | FR13: 45752 | FS13: 45751 | FT13: 1 | FU13: 45752 | FV13: 45751 | FW13: 1 | FX13: 45752 | FY13: =IF(MIN(FM13,FP13,FS13,FV13)=0,"",MIN(FM13,FP13,FS13,FV13)) -> 45751 | FZ13: =((FW13+FT13+FQ13+FN13)/4) -> 1 | GA13: =IF(FZ13=1,MAX(FO13,FR13,FU13,FX13),"") -> 45752 | GB13: 45747 | GC13: 1 | GD13: =IF(GB13="","",GB13) -> 45747 | GE13: 45746 | GF13: 1 | GG13: =IF(GE13="","",GE13) -> 45746 | GH13: 45746 | GI13: 1 | GJ13: =IF(GH13="","",GH13) -> 45746 | GK13: 45747 | GL13: 1 | GM13: =IF(GK13="","",GK13) -> 45747 | GN13: =IF(MIN(GB13,GE13,GH13,GK13)=0,"",MIN(GB13,GE13,GH13,GK13)) -> 45746 | GO13: =+(GL13+GI13+GF13+GC13)/4 -> 1 | GP13: =IF(GO13=1,MAX(GD13,GG13,GJ13,GM13),"") -> 45747 | GQ13: =(BY13*$BY$7)+(CN13*$CN$7)+(DR13*$DR$7)+(EV13*$EV$7)+(FZ13*$FZ$7) -> 1 | GR13: =+IF(MIN(BX13,CM13,DB13,DQ13,EF13,EU13,FY13)=0,"",MIN(BX13,CM13,DB13,DQ13,EF13,EU13,FY13)) -> 45693 | GS13: =+IF(GQ13=1,MAX(BZ13,CO13,DD13,DS13,EH13,EW13,GA13,GP13),"") -> 45752 | GV13: 45877 | GW13: 1 | GX13: 45885 | GY13: 45877 | GZ13: 1 | HA13: 45885 | HB13: 45877 | HC13: 1 | HD13: 45885 | HE13: 45877 | HF13: 1 | HG13: 45885 | HH13: =IF(MIN(GV13,GY13,HB13,HE13)=0,"",MIN(GV13,GY13,HB13,HE13)) -> 45877 | HI13: =+(HF13+HC13+GZ13+GW13)/4 -> 1 | HJ13: =IF(HI13=1,MAX(GX13,HA13,HD13,HG13),"") -> 45885 | HK13: 0 | HL13: =+IF(MIN(BE13,BI13,GP13,HH13)=0,"",MIN(BE13,BI13,GP13,HH13)) -> 45685 | HM13: =+IF(HK13=1,MAX(BE13,BI13,GS13,HJ13),"") | HR13: 45777 | HS13: 1 | HT13: 45777 | HU13: 45777 | HV13: 1 | HW13: 45777 | HX13: 45780 | HY13: 1 | HZ13: 45793 | IA13: 45794 | IB13: 1 | IC13: 45796 | ID13: 45804 | IE13: 1 | IF13: 45824 | IG13: 45807 | IH13: 45824 | II13: 1 | IJ13: 45793 | IK13: 45850 | IL13: 1 | IM13: 45850 | IN13: =(HV13*$HV$7)+(HY13*$HY$7)+(IB13*$IB$7)+(IE13*$IE$7) -> 1 | IO13: =+IF(MIN(HR13,HU13,HX13,IA13,ID13,IK13)=0,"",MIN(HR13,HU13,HX13,IA13,ID13,IK13)) -> 45777 | IP13: =+IF(IN13=1,MAX(HT13,HW13,HZ13,IC13,IF13,IM13),"") -> 45850 | IS13: 416.52 | IT13: TEND 4 | IV13: 0 | IX13: 45924 | IY13: 1 | IZ13: 45932 | JA13: 45930 | JB13: 1 | JC13: =IF(JA13="","",JA13) -> 45930 | JD13: =JF13*$IS13/1000 -> 0.41652 | JE13: 45936 | JF13: 1 | JG13: 45937 | JH13: =JJ13*$IS13/1000 -> 0.41652 | JI13: 45937 | JJ13: 1 | JK13: 45937 | JL13: =JN13*$IS13/1000 -> 0.41652 | JM13: 45937 | JN13: 1 | JO13: 45937 | JP13: =JR13*$IS13/1000 -> 0.41652 | JQ13: 45938 | JR13: 1 | JS13: 45938 | JT13: =JV13*$IS13/1000 -> 0.41652 | JU13: 45939 | JV13: 1 | JW13: 45939 | JX13: =JZ13*$IS13/1000 -> 0 | JZ13: 0 | KB13: =KD13*$IS13/1000 -> 0 | KD13: 0 | KF13: =KH13*$IS13/1000 -> 0 | KH13: 0 | KK13: 45941 | KL13: 1 | KM13: 45941 | KN13: 10/110/25 | KO13: 1 | KP13: 45940 | KQ13: 45941 | KR13: 1 | KS13: 45941 | KT13: 0 | KU13: =KT13*$IS13/1000 -> 0 | KV13: =+IF(MIN(JA13,JE13,JI13,JM13,JQ13,JU13,KK13,KN13,KQ13)=0,"",MIN(JA13,JE13,JI13,JM13,JQ13,JU13,KK13,KN13,KQ13)) -> 45930 | KW13: =+IF(KT13=1,MAX(KP13,KM13,JW13,JS13,JO13,JK13,JG13,JC13,KS13),"") | KX13: 45930 | KY13: 1 | KZ13: =IF(KX13="","",KX13) -> 45930 | LA13: =LC13*$IS13/1000 -> 0.41652 | LB13: 45934 | LC13: 1 | LD13: =IF(LB13="","",LB13) -> 45934 | LE13: =LG13*$IS13/1000 -> 0.41652 | LF13: 45934 | LG13: 1 | LH13: =IF(LF13="","",LF13) -> 45934 | LI13: =LK13*$IS13/1000 -> 0.41652 | LJ13: 45934 | LK13: 1 | LL13: =IF(LJ13="","",LJ13) -> 45934 | LM13: 45944 | LN13: 1 | LO13: 45944 | LP13: 20/20/25 | LQ13: 1 | LR13: 200/20/25 | LT13: 0 | LV13: 0 | LW13: =LV13*$IS13/1000 -> 0 | LX13: =+IF(MIN(KX13,LB13,LF13,LJ13,LM13,LP13,LS13)=0,"",MIN(KX13,LB13,LF13,LJ13,LM13,LP13,LS13)) -> 45930 | LY13: =IF(LV13=1,MAX(LU13),"") | MA13: 1 | MB13: =IF(LZ13="","",LZ13) | MC13: =ME13*$IS13/1000 -> 0.41652 | MD13: 45936 | ME13: 1 | MF13: =IF(MD13="","",MD13) -> 45936 | MG13: =MI13*$IS13/1000 -> 0.41652 | MH13: 45936 | MI13: 1 | MJ13: =IF(MH13="","",MH13) -> 45936 | MK13: =MM13*$IS13/1000 -> 0.41652 | ML13: 45936 | MM13: 1 | MN13: =IF(ML13="","",ML13) -> 45936 | MO13: 45944 | MP13: 1 | MQ13: 45944 | MR13: 20/20/25 | MS13: 1 | MT13: 200/20/25 | MV13: 0 | MX13: 0 | MY13: =MX13*$IS13/1000 -> 0 | MZ13: =+IF(MIN(LZ13,MD13,MH13,ML13,MO13,MR13,MU13)=0,"",MIN(LZ13,MD13,MH13,ML13,MO13,MR13,MU13)) -> 45936 | NA13: =IF(MX13=1,MAX(MW13),"") | NB13: 0 | NC13: =NB13*$IS13/1000 -> 0 | ND13: =+IF(MIN(MZ13,LX13,KV13,IU13)=0,"",MIN(MZ13,LX13,KV13,IU13)) -> 45930 | NE13: =+IF(IN13=1,MAX(IW13,KW13,LY13,NA13),"") -> 0 | NI13: 0 | NM13: 0 | NN13: =NM13*$IS13/1000 -> 0 | NQ13: 0 | NR13: =NQ13*$IS13/1000 -> 0 | NU13: 0 | NV13: =NU13*$IS13/1000 -> 0 | NZ13: 0 | OC13: 0 | OF13: 0 | OI13: 1 | OL13: 0.5 | OO13: 1 | OR13: =PD13 -> 0 | OU13: 0 | OX13: 0 | OZ13: 03/12/2024 3/02/2025 | PA13: 1 | PB13: =OZ13 -> 03/12/2024 3/02/2025 | PC13: N/A | PD13: 0 | PG13: 0 | PI13: 45693 | PJ13: 1 | PK13: ='Seg Diario'!HJ13 -> 45885 | PL13: =PI13 -> 45693 | PM13: =PJ13 -> 1 | PN13: =PK13 -> 45885 | PO13: 0.045 | PP13: =+IF(MIN(OH13,OK13,ON13,OQ13,OT13,OW13,OZ13,PC13,PI13,PL13)=0,"",MIN(OH13,OK13,ON13,OQ13,OT13,OW13,OZ13,PC13,PI13,PL13)) -> 45693 | PQ13: =+IF(PO13=1,MAX(OJ13,OM13,OP13,OS13,OV13,OY13,PB13,PE13,PK13,PN13),"") | PT13: 45495 | PU13: 1 | PV13: 45495 | PW13: 45527 | PX13: 1 | PY13: 45527 | QA13: 0 | QD13: 0.5 | QF13: 0.93745 | QG13: =+IF(MIN(PT13,PW13,PZ13,QC13)=0,"",MIN(PT13,PW13,PZ13,QC13)) -> 45495 | QH13: =+IF(QF13=1,MAX(PV13,PY13,QB13,QE13),"") | QL13: =(JN13+JR13+JV13+JZ13+KD13+KH13)/3 -> 1 | QM13: Cruce con vía primaria Mariquita - Ibagué, cruce con MEDIA TENSIÓN 34.5kV, cruce de línea MEDIA TENSIÓN 13.2kV | QN13: =(JN13+JR13+JV13)/3 -> 1 | QO13: 45913 | QP13: 1 | QQ13: 45916 | QR13: 45952 | QS13: 1 | QT13: 45952
A14: =1+A13 -> 3 | B14: T002 | D14: Z | E14: B4 | F14: 8310.73 | G14: MECT | H14: CRUZ | I14: INST | O14: Z | P14: Z | Q14: Z | R14: Z | S14: ZAPATA | AG14: =AD14/$AG$8 -> 0 | AH14: =AE14/$AH$8 -> 0 | AI14: =AF14/$AI$8 -> 0 | AM14: =AJ14/$AM$8 -> 0 | AN14: =AK14/$AN$8 -> 0 | AO14: =AL14/$AO$8 -> 0 | AS14: =IFERROR(AP14/$AS$8,0) -> 0 | AT14: =IFERROR(AQ14/$AT$8,0) -> 0 | AU14: =IFERROR(AR14/$AU$8,0) -> 0 | AW14: SI | AX14: =BY14 -> 1 | AY14: NO | BA14: 45491 | BB14: =PU14 -> 1 | BC14: =QI14 -> 0 | BD14: =QJ14 -> 0 | BE14: 45662 | BF14: =IF(BE14<>"",1,) -> 1 | BG14: 45749 | BH14: =IF(BG14<>"",1,) -> 1 | BI14: =BL14 -> 45702 | BJ14: 0 | BK14: =EW14 -> 45760 | BL14: 45702 | BM14: 1 | BN14: 45702 | BO14: 45702 | BP14: 1 | BQ14: 45702 | BR14: 45702 | BS14: 1 | BT14: 45702 | BU14: 45702 | BV14: 1 | BW14: 45702 | BX14: =IF(MIN(BL14,BO14,BR14,BU14)=0,"",MIN(BL14,BO14,BR14,BU14)) -> 45702 | BY14: =+(BV14+BS14+BP14+BM14)/4 -> 1 | BZ14: =IF(BY14=1,MAX(BN14,BQ14,BT14,BW14),"") -> 45702 | CA14: 45755 | CB14: 1 | CC14: =IF(CA14="","",CA14) -> 45755 | CD14: 45756 | CE14: 1 | CF14: =IF(CD14="","",CD14) -> 45756 | CG14: 45757 | CH14: 1 | CI14: =IF(CG14="","",CG14) -> 45757 | CJ14: 45755 | CK14: 1 | CL14: =IF(CJ14="","",CJ14) -> 45755 | CM14: =IF(MIN(CA14,CD14,CG14,CJ14)=0,"",MIN(CA14,CD14,CG14,CJ14)) -> 45755 | CN14: =+(CK14+CH14+CE14+CB14)/4 -> 1 | CO14: =IF(CN14=1,MAX(CC14,CF14,CI14,CL14),"") -> 45757 | CQ14: 0 | CT14: 0 | CW14: 0 | CZ14: 0 | DB14: =IF(MIN(CP14,CS14,CV14,CY14)=0,"",MIN(CP14,CS14,CV14,CY14)) | DC14: =+(CZ14+CW14+CT14+CQ14)/4 -> 0 | DD14: =IF(DC14=1,MAX(CR14,CU14,CX14,DA14),"") | DE14: 45756 | DF14: 1 | DG14: 45756 | DH14: 45757 | DI14: 1 | DJ14: 45757 | DK14: 45758 | DL14: 1 | DM14: 45758 | DN14: 45756 | DO14: 1 | DP14: 45756 | DQ14: =IF(MIN(DE14,DH14,DK14,DN14)=0,"",MIN(DE14,DH14,DK14,DN14)) -> 45756 | DR14: =+(DO14+DL14+DI14+DF14)/4 -> 1 | DS14: =IF(DR14=1,MAX(DG14,DJ14,DM14,DP14),"") -> 45758 | DT14: 45756 | DU14: 1 | DV14: 45757 | DW14: 45756 | DX14: 1 | DY14: 45757 | DZ14: 45757 | EA14: 1 | EB14: 45757 | EC14: 45756 | ED14: 1 | EE14: 45757 | EF14: =IF(MIN(DT14,DW14,DZ14,EC14)=0,"",MIN(DT14,DW14,DZ14,EC14)) -> 45756 | EG14: =+(ED14+EA14+DX14+DU14)/4 -> 1 | EH14: =IF(EG14=1,MAX(DV14,DY14,EB14,EE14),"") -> 45757 | EI14: 45758 | EJ14: 1 | EK14: =IF(EI14="","",EI14) -> 45758 | EL14: 45760 | EM14: 1 | EN14: =IF(EL14="","",EL14) -> 45760 | EO14: 45760 | EP14: 1 | EQ14: =IF(EO14="","",EO14) -> 45760 | ER14: 45758 | ES14: 1 | ET14: =IF(ER14="","",ER14) -> 45758 | EU14: =IF(MIN(EI14,EL14,EO14,ER14)=0,"",MIN(EI14,EL14,EO14,ER14)) -> 45758 | EV14: =+(ES14+EP14+EM14+EJ14)/4 -> 1 | EW14: =IF(EV14=1,MAX(EK14,EN14,EQ14,ET14),"") -> 45760 | EY14: 0 | FB14: 0 | FE14: 0 | FH14: 0 | FJ14: =IF(MIN(EX14,FA14,FD14,FG14)=0,"",MIN(EX14,FA14,FD14,FG14)) | FK14: 0 | FL14: =IF(FK14=1,MAX(EZ14,FC14,FF14,FI14),"") | FM14: 45761 | FN14: 1 | FO14: 45761 | FP14: 45768 | FQ14: 1 | FR14: 45768 | FS14: 45768 | FT14: 1 | FU14: 45768 | FV14: 45761 | FW14: 1 | FX14: 45761 | FY14: =IF(MIN(FM14,FP14,FS14,FV14)=0,"",MIN(FM14,FP14,FS14,FV14)) -> 45761 | FZ14: =((FW14+FT14+FQ14+FN14)/4) -> 1 | GA14: =IF(FZ14=1,MAX(FO14,FR14,FU14,FX14),"") -> 45768 | GB14: 45758 | GC14: 1 | GD14: =IF(GB14="","",GB14) -> 45758 | GE14: 45760 | GF14: 1 | GG14: =IF(GE14="","",GE14) -> 45760 | GH14: 45760 | GI14: 1 | GJ14: =IF(GH14="","",GH14) -> 45760 | GK14: 45758 | GL14: 1 | GM14: =IF(GK14="","",GK14) -> 45758 | GN14: =IF(MIN(GB14,GE14,GH14,GK14)=0,"",MIN(GB14,GE14,GH14,GK14)) -> 45758 | GO14: =+(GL14+GI14+GF14+GC14)/4 -> 1 | GP14: =IF(GO14=1,MAX(GD14,GG14,GJ14,GM14),"") -> 45760 | GQ14: =(BY14*$BY$7)+(CN14*$CN$7)+(DR14*$DR$7)+(EV14*$EV$7)+(FZ14*$FZ$7) -> 1 | GR14: =+IF(MIN(BX14,CM14,DB14,DQ14,EF14,EU14,FY14)=0,"",MIN(BX14,CM14,DB14,DQ14,EF14,EU14,FY14)) -> 45702 | GS14: =+IF(GQ14=1,MAX(BZ14,CO14,DD14,DS14,EH14,EW14,GA14,GP14),"") -> 45768 | GV14: 45855 | GW14: 1 | GX14: 45864 | GY14: 45855 | GZ14: 1 | HA14: 45864 | HB14: 45855 | HC14: 1 | HD14: 45864 | HE14: 45855 | HF14: 1 | HG14: 45864 | HH14: =IF(MIN(GV14,GY14,HB14,HE14)=0,"",MIN(GV14,GY14,HB14,HE14)) -> 45855 | HI14: =+(HF14+HC14+GZ14+GW14)/4 -> 1 | HJ14: =IF(HI14=1,MAX(GX14,HA14,HD14,HG14),"") -> 45864 | HK14: 0 | HL14: =+IF(MIN(BE14,BI14,GP14,HH14)=0,"",MIN(BE14,BI14,GP14,HH14)) -> 45662 | HM14: =+IF(HK14=1,MAX(BE14,BI14,GS14,HJ14),"") | HR14: 45792 | HS14: 1 | HT14: 45796 | HU14: 45796 | HV14: 1 | HW14: 45796 | HX14: 45798 | HY14: 1 | HZ14: 45800 | IA14: 45801 | IB14: 1 | IC14: 45801 | ID14: 45802 | IE14: 1 | IF14: 45824 | IG14: 45817 | IH14: 45814 | II14: 1 | IJ14: 45814 | IK14: 45827 | IL14: 1 | IM14: 45827 | IN14: =(HV14*$HV$7)+(HY14*$HY$7)+(IB14*$IB$7)+(IE14*$IE$7) -> 1 | IO14: =+IF(MIN(HR14,HU14,HX14,IA14,ID14,IK14)=0,"",MIN(HR14,HU14,HX14,IA14,ID14,IK14)) -> 45792 | IP14: =+IF(IN14=1,MAX(HT14,HW14,HZ14,IC14,IF14,IM14),"") -> 45827 | IS14: 230.06 | IT14: TEND 4 | IV14: 0 | IX14: 45924 | IY14: 1 | IZ14: 45933 | JA14: 45831 | JB14: 1 | JC14: =IF(JA14="","",JA14) -> 45831 | JD14: =JF14*$IS14/1000 -> 0.23006 | JE14: 45936 | JF14: 1 | JG14: 45936 | JH14: =JJ14*$IS14/1000 -> 0.23006 | JI14: 45937 | JJ14: 1 | JK14: 45937 | JL14: =JN14*$IS14/1000 -> 0.23006 | JM14: 45937 | JN14: 1 | JO14: 45937 | JP14: =JR14*$IS14/1000 -> 0.23006 | JQ14: 45938 | JR14: 1 | JS14: 45938 | JT14: =JV14*$IS14/1000 -> 0.23006 | JU14: 45939 | JV14: 1 | JW14: 45939 | JX14: =JZ14*$IS14/1000 -> 0 | JZ14: 0 | KB14: =KD14*$IS14/1000 -> 0 | KD14: 0 | KF14: =KH14*$IS14/1000 -> 0 | KH14: 0 | KK14: 45944 | KL14: 1 | KM14: 45944 | KN14: 45942 | KO14: 1 | KP14: 45942 | KQ14: 45941 | KR14: 1 | KS14: 45942 | KT14: 0 | KU14: =KT14*$IS14/1000 -> 0 | KV14: =+IF(MIN(JA14,JE14,JI14,JM14,JQ14,JU14,KK14,KN14,KQ14)=0,"",MIN(JA14,JE14,JI14,JM14,JQ14,JU14,KK14,KN14,KQ14)) -> 45831 | KW14: =+IF(KT14=1,MAX(KP14,KM14,JW14,JS14,JO14,JK14,JG14,JC14,KS14),"") | KX14: 45929 | KY14: 1 | KZ14: =IF(KX14="","",KX14) -> 45929 | LA14: =LC14*$IS14/1000 -> 0.23006 | LB14: 45934 | LC14: 1 | LD14: =IF(LB14="","",LB14) -> 45934 | LE14: =LG14*$IS14/1000 -> 0.23006 | LF14: 45934 | LG14: 1 | LH14: =IF(LF14="","",LF14) -> 45934 | LI14: =LK14*$IS14/1000 -> 0.23006 | LJ14: 45934 | LK14: 1 | LL14: =IF(LJ14="","",LJ14) -> 45934 | LM14: 45945 | LN14: 1 | LO14: 45945 | LQ14: 0 | LT14: 0 | LV14: 0 | LW14: =LV14*$IS14/1000 -> 0 | LX14: =+IF(MIN(KX14,LB14,LF14,LJ14,LM14,LP14,LS14)=0,"",MIN(KX14,LB14,LF14,LJ14,LM14,LP14,LS14)) -> 45929 | LY14: =IF(LV14=1,MAX(LU14),"") | LZ14: 45929 | MA14: 1 | MB14: =IF(LZ14="","",LZ14) -> 45929 | MC14: =ME14*$IS14/1000 -> 0.23006 | MD14: 45936 | ME14: 1 | MF14: =IF(MD14="","",MD14) -> 45936 | MG14: =MI14*$IS14/1000 -> 0.23006 | MH14: 45936 | MI14: 1 | MJ14: =IF(MH14="","",MH14) -> 45936 | MK14: =MM14*$IS14/1000 -> 0.23006 | ML14: 45936 | MM14: 1 | MN14: =IF(ML14="","",ML14) -> 45936 | MO14: 45946 | MP14: 1 | MQ14: 45946 | MS14: 0 | MV14: 0 | MX14: 0 | MY14: =MX14*$IS14/1000 -> 0 | MZ14: =+IF(MIN(LZ14,MD14,MH14,ML14,MO14,MR14,MU14)=0,"",MIN(LZ14,MD14,MH14,ML14,MO14,MR14,MU14)) -> 45929 | NA14: =IF(MX14=1,MAX(MW14),"") | NB14: 0 | NC14: =NB14*$IS14/1000 -> 0 | ND14: =+IF(MIN(MZ14,LX14,KV14,IU14)=0,"",MIN(MZ14,LX14,KV14,IU14)) -> 45831 | NE14: =+IF(IN14=1,MAX(IW14,KW14,LY14,NA14),"") -> 0 | NI14: 0 | NM14: 0 | NN14: =NM14*$IS14/1000 -> 0 | NQ14: 0 | NR14: =NQ14*$IS14/1000 -> 0 | NU14: 0 | NV14: =NU14*$IS14/1000 -> 0 | NX14: =IF(NU14=1,MAX(NT14),"") | NZ14: 0 | OC14: 0 | OF14: 0 | OI14: 1 | OL14: 0.5 | OO14: 1 | OR14: =PD14 -> 0 | OU14: 0 | OX14: 0 | OZ14: 45700 | PA14: 1 | PB14: =OZ14 -> 45700 | PC14: N/A | PD14: 0 | PG14: 0 | PI14: 45702 | PJ14: 1 | PK14: ='Seg Diario'!HJ14 -> 45864 | PL14: =PI14 -> 45702 | PM14: =PJ14 -> 1 | PN14: =PK14 -> 45864 | PO14: 0.045 | PP14: =+IF(MIN(OH14,OK14,ON14,OQ14,OT14,OW14,OZ14,PC14,PI14,PL14)=0,"",MIN(OH14,OK14,ON14,OQ14,OT14,OW14,OZ14,PC14,PI14,PL14)) -> 45700 | PQ14: =+IF(PO14=1,MAX(OJ14,OM14,OP14,OS14,OV14,OY14,PB14,PE14,PK14,PN14),"") | PT14: 45491 | PU14: 1 | PV14: 45491 | PW14: 45527 | PX14: 1 | PY14: 45527 | QA14: 0 | QD14: 0.5 | QF14: 0.93745 | QG14: =+IF(MIN(PT14,PW14,PZ14,QC14)=0,"",MIN(PT14,PW14,PZ14,QC14)) -> 45491 | QH14: =+IF(QF14=1,MAX(PV14,PY14,QB14,QE14),"") | QL14: =(JN14+JR14+JV14+JZ14+KD14+KH14)/3 -> 1 | QM14: Cruce con línea de 13,2 kV, poste 1.44m a eje de línea | QN14: =(JN14+JR14+JV14)/3 -> 1 | QO14: 45890 | QP14: 1 | QQ14: 45890 | QR14: 45911 | QS14: 1 | QT14: 45911
A15: =1+A14 -> 4 | B15: T003 | D15: HE | E15: B4 | F15: 8247.84 | H15: INST | I15: INST | O15: Z | P15: Z | Q15: Z | R15: Z | S15: HELICOIDALES | AG15: =AD15/$AG$8 -> 0 | AH15: =AE15/$AH$8 -> 0 | AI15: =AF15/$AI$8 -> 0 | AM15: =AJ15/$AM$8 -> 0 | AN15: =AK15/$AN$8 -> 0 | AO15: =AL15/$AO$8 -> 0 | AS15: =IFERROR(AP15/$AS$8,0) -> 0 | AT15: =IFERROR(AQ15/$AT$8,0) -> 0 | AU15: =IFERROR(AR15/$AU$8,0) -> 0 | AW15: SI | AX15: =BY15 -> 1 | AY15: NO | AZ15: CAMBIO ANLA | BA15: 45491 | BB15: =PU15 -> 1 | BC15: =QI15 -> 0 | BD15: =QJ15 -> 0 | BE15: 45662 | BF15: =IF(BE15<>"",1,) -> 1 | BG15: 45720 | BH15: =IF(BG15<>"",1,) -> 1 | BI15: =BL15 -> 45794 | BJ15: 0 | BK15: =EW15 -> 45801 | BL15: 45794 | BM15: 1 | BN15: 45794 | BO15: 45794 | BP15: 1 | BQ15: 45794 | BR15: 45794 | BS15: 1 | BT15: 45794 | BU15: 45794 | BV15: 1 | BW15: 45794 | BX15: =IF(MIN(BL15,BO15,BR15,BU15)=0,"",MIN(BL15,BO15,BR15,BU15)) -> 45794 | BY15: =+(BV15+BS15+BP15+BM15)/4 -> 1 | BZ15: =IF(BY15=1,MAX(BN15,BQ15,BT15,BW15),"") -> 45794 | CA15: 45798 | CB15: 1 | CC15: =IF(CA15="","",CA15) -> 45798 | CD15: 45798 | CE15: 1 | CF15: =IF(CD15="","",CD15) -> 45798 | CG15: 45798 | CH15: 1 | CI15: =IF(CG15="","",CG15) -> 45798 | CJ15: 45798 | CK15: 1 | CL15: =IF(CJ15="","",CJ15) -> 45798 | CM15: =IF(MIN(CA15,CD15,CG15,CJ15)=0,"",MIN(CA15,CD15,CG15,CJ15)) -> 45798 | CN15: =+(CK15+CH15+CE15+CB15)/4 -> 1 | CO15: =IF(CN15=1,MAX(CC15,CF15,CI15,CL15),"") -> 45798 | CP15: 45794 | CQ15: 1 | CR15: 45794 | CS15: 45796 | CT15: 1 | CU15: 45796 | CV15: 45796 | CW15: 1 | CX15: 45796 | CY15: 45796 | CZ15: 1 | DA15: 45796 | DB15: =IF(MIN(CP15,CS15,CV15,CY15)=0,"",MIN(CP15,CS15,CV15,CY15)) -> 45794 | DC15: =+(CZ15+CW15+CT15+CQ15)/4 -> 1 | DD15: =IF(DC15=1,MAX(CR15,CU15,CX15,DA15),"") -> 45796 | DE15: 45799 | DF15: 1 | DG15: 45801 | DH15: 45800 | DI15: 1 | DJ15: 45801 | DK15: 45799 | DL15: 1 | DM15: 45801 | DN15: 45799 | DO15: 1 | DP15: 45801 | DQ15: =IF(MIN(DE15,DH15,DK15,DN15)=0,"",MIN(DE15,DH15,DK15,DN15)) -> 45799 | DR15: 1 | DS15: 45801 | DT15: 45798 | DU15: 1 | DV15: 45801 | DW15: 45798 | DX15: 1 | DY15: 45801 | DZ15: 45798 | EA15: 1 | EB15: 45801 | EC15: 45798 | ED15: 1 | EE15: 45801 | EF15: =IF(MIN(DT15,DW15,DZ15,EC15)=0,"",MIN(DT15,DW15,DZ15,EC15)) -> 45798 | EG15: =+(ED15+EA15+DX15+DU15)/4 -> 1 | EH15: =IF(EG15=1,MAX(DV15,DY15,EB15,EE15),"") -> 45801 | EI15: 45801 | EJ15: 1 | EK15: =IF(EI15="","",EI15) -> 45801 | EL15: 45801 | EM15: 1 | EN15: =IF(EL15="","",EL15) -> 45801 | EO15: 45801 | EP15: 1 | EQ15: =IF(EO15="","",EO15) -> 45801 | ER15: 45801 | ES15: 1 | ET15: =IF(ER15="","",ER15) -> 45801 | EU15: =IF(MIN(EI15,EL15,EO15,ER15)=0,"",MIN(EI15,EL15,EO15,ER15)) -> 45801 | EV15: =+(ES15+EP15+EM15+EJ15)/4 -> 1 | EW15: =IF(EV15=1,MAX(EK15,EN15,EQ15,ET15),"") -> 45801 | EY15: 0 | FB15: 0 | FE15: 0 | FH15: 0 | FJ15: =IF(MIN(EX15,FA15,FD15,FG15)=0,"",MIN(EX15,FA15,FD15,FG15)) | FK15: 0 | FL15: =IF(FK15=1,MAX(EZ15,FC15,FF15,FI15),"") | FM15: 45821 | FN15: 1 | FO15: 45821 | FP15: 45821 | FQ15: 1 | FR15: 45821 | FS15: 45821 | FT15: 1 | FU15: 45821 | FV15: 45821 | FW15: 1 | FX15: 45821 | FY15: =IF(MIN(FM15,FP15,FS15,FV15)=0,"",MIN(FM15,FP15,FS15,FV15)) -> 45821 | FZ15: =((FW15+FT15+FQ15+FN15)/4) -> 1 | GA15: =IF(FZ15=1,MAX(FO15,FR15,FU15,FX15),"") -> 45821 | GB15: 45801 | GC15: 1 | GD15: =IF(GB15="","",GB15) -> 45801 | GE15: 45801 | GF15: 1 | GG15: =IF(GE15="","",GE15) -> 45801 | GH15: 45801 | GI15: 1 | GJ15: =IF(GH15="","",GH15) -> 45801 | GK15: 45801 | GL15: 1 | GM15: =IF(GK15="","",GK15) -> 45801 | GN15: =IF(MIN(GB15,GE15,GH15,GK15)=0,"",MIN(GB15,GE15,GH15,GK15)) -> 45801 | GO15: =+(GL15+GI15+GF15+GC15)/4 -> 1 | GP15: =IF(GO15=1,MAX(GD15,GG15,GJ15,GM15),"") -> 45801 | GQ15: =(BY15*$BY$7)+(CN15*$CN$7)+(DR15*$DR$7)+(EV15*$EV$7)+(FZ15*$FZ$7) -> 1 | GR15: =+IF(MIN(BX15,CM15,DB15,DQ15,EF15,EU15,FY15)=0,"",MIN(BX15,CM15,DB15,DQ15,EF15,EU15,FY15)) -> 45794 | GS15: =+IF(GQ15=1,MAX(BZ15,CO15,DD15,DS15,EH15,EW15,GA15,GP15),"") -> 45821 | GV15: 45855 | GW15: 1 | GX15: 45868 | GY15: 45855 | GZ15: 1 | HA15: 45868 | HB15: 45855 | HC15: 1 | HD15: 45868 | HE15: 45855 | HF15: 1 | HG15: 45868 | HH15: =IF(MIN(GV15,GY15,HB15,HE15)=0,"",MIN(GV15,GY15,HB15,HE15)) -> 45855 | HI15: =+(HF15+HC15+GZ15+GW15)/4 -> 1 | HJ15: =IF(HI15=1,MAX(GX15,HA15,HD15,HG15),"") -> 45868 | HK15: 0 | HL15: =+IF(MIN(BE15,BI15,GP15,HH15)=0,"",MIN(BE15,BI15,GP15,HH15)) -> 45662 | HM15: =+IF(HK15=1,MAX(BE15,BI15,GS15,HJ15),"") | HR15: 45808 | HS15: 1 | HT15: 45808 | HU15: 45825 | HV15: 1 | HW15: 45825 | HX15: 45826 | HY15: 1 | HZ15: 45827 | IA15: 45796 | IB15: 1 | IC15: 45829 | ID15: 45831 | IE15: 1 | IF15: 45832 | IG15: 45834 | IH15: 45834 | II15: 1 | IJ15: 45834 | IK15: 45834 | IL15: 1 | IM15: 45834 | IN15: =(HV15*$HV$7)+(HY15*$HY$7)+(IB15*$IB$7)+(IE15*$IE$7) -> 1 | IO15: =+IF(MIN(HR15,HU15,HX15,IA15,ID15,IK15)=0,"",MIN(HR15,HU15,HX15,IA15,ID15,IK15)) -> 45796 | IP15: =+IF(IN15=1,MAX(HT15,HW15,HZ15,IC15,IF15,IM15),"") -> 45834 | IS15: 287.98 | IT15: TEND 4 | IV15: 0 | IY15: 0 | JA15: 45929 | JB15: 1 | JC15: =IF(JA15="","",JA15) -> 45929 | JD15: =JF15*$IS15/1000 -> 0.28798 | JE15: 45936 | JF15: 1 | JG15: 45937 | JH15: =JJ15*$IS15/1000 -> 0.28798 | JI15: 45937 | JJ15: 1 | JK15: 45937 | JL15: =JN15*$IS15/1000 -> 0.28798 | JM15: 45937 | JN15: 1 | JO15: 45937 | JP15: =JR15*$IS15/1000 -> 0.28798 | JQ15: 45938 | JR15: 1 | JS15: 45938 | JT15: =JV15*$IS15/1000 -> 0.28798 | JU15: 45939 | JV15: 1 | JW15: 45939 | JX15: =JZ15*$IS15/1000 -> 0 | JZ15: 0 | KB15: =KD15*$IS15/1000 -> 0 | KD15: 0 | KF15: =KH15*$IS15/1000 -> 0 | KH15: 0 | KK15: 45943 | KL15: 1 | KM15: 45943 | KN15: 45943 | KO15: 1 | KP15: 45943 | KQ15: 45941 | KR15: 1 | KS15: 45942 | KT15: 0 | KU15: =KT15*$IS15/1000 -> 0 | KV15: =+IF(MIN(JA15,JE15,JI15,JM15,JQ15,JU15,KK15,KN15,KQ15)=0,"",MIN(JA15,JE15,JI15,JM15,JQ15,JU15,KK15,KN15,KQ15)) -> 45929 | KW15: =+IF(KT15=1,MAX(KP15,KM15,JW15,JS15,JO15,JK15,JG15,JC15,KS15),"") | KX15: 45929 | KY15: 1 | KZ15: =IF(KX15="","",KX15) -> 45929 | LA15: =LC15*$IS15/1000 -> 0.28798 | LB15: 45930 | LC15: 1 | LD15: =IF(LB15="","",LB15) -> 45930 | LE15: =LG15*$IS15/1000 -> 0.28798 | LF15: 45934 | LG15: 1 | LH15: =IF(LF15="","",LF15) -> 45934 | LI15: =LK15*$IS15/1000 -> 0.28798 | LJ15: 45934 | LK15: 1 | LL15: =IF(LJ15="","",LJ15) -> 45934 | LM15: 45946 | LN15: 1 | LO15: 45946 | LP15: 20/20/25 | LQ15: 1 | LR15: 200/20/25 | LT15: 0 | LV15: 0 | LW15: =LV15*$IS15/1000 -> 0 | LX15: =+IF(MIN(KX15,LB15,LF15,LJ15,LM15,LP15,LS15)=0,"",MIN(KX15,LB15,LF15,LJ15,LM15,LP15,LS15)) -> 45929 | LY15: =IF(LV15=1,MAX(LU15),"") | LZ15: 45929 | MA15: 1 | MB15: =IF(LZ15="","",LZ15) -> 45929 | MC15: =ME15*$IS15/1000 -> 0.28798 | MD15: 45930 | ME15: 1 | MF15: =IF(MD15="","",MD15) -> 45930 | MG15: =MI15*$IS15/1000 -> 0.28798 | MH15: 45936 | MI15: 1 | MJ15: =IF(MH15="","",MH15) -> 45936 | MK15: =MM15*$IS15/1000 -> 0.28798 | ML15: 45936 | MM15: 1 | MN15: =IF(ML15="","",ML15) -> 45936 | MO15: 45946 | MP15: 1 | MQ15: 45946 | MR15: 20/20/25 | MS15: 1 | MT15: 200/20/25 | MV15: 0 | MX15: 0 | MY15: =MX15*$IS15/1000 -> 0 | MZ15: =+IF(MIN(LZ15,MD15,MH15,ML15,MO15,MR15,MU15)=0,"",MIN(LZ15,MD15,MH15,ML15,MO15,MR15,MU15)) -> 45929 | NA15: =IF(MX15=1,MAX(MW15),"") | NB15: 0 | NC15: =NB15*$IS15/1000 -> 0 | ND15: =+IF(MIN(MZ15,LX15,KV15,IU15)=0,"",MIN(MZ15,LX15,KV15,IU15)) -> 45929 | NE15: =+IF(IN15=1,MAX(IW15,KW15,LY15,NA15),"") -> 0 | NI15: 0 | NM15: 0 | NN15: =NM15*$IS15/1000 -> 0 | NQ15: 0 | NR15: =NQ15*$IS15/1000 -> 0 | NU15: 0 | NV15: =NU15*$IS15/1000 -> 0 | NX15: =IF(NU15=1,MAX(NT15),"") | NZ15: 0 | OC15: 0 | OF15: 0 | OI15: 1 | OL15: 0.5 | OO15: 1 | OR15: =PD15 -> 0 | OU15: 0 | OX15: 0 | OZ15: 45704 | PA15: 1 | PB15: =OZ15 -> 45704 | PC15: N/A | PD15: 0 | PG15: 0 | PI15: 45794 | PJ15: 1 | PK15: ='Seg Diario'!HJ15 -> 45868 | PL15: =PI15 -> 45794 | PM15: =PJ15 -> 1 | PN15: =PK15 -> 45868 | PO15: 0.045 | PP15: =+IF(MIN(OH15,OK15,ON15,OQ15,OT15,OW15,OZ15,PC15,PI15,PL15)=0,"",MIN(OH15,OK15,ON15,OQ15,OT15,OW15,OZ15,PC15,PI15,PL15)) -> 45704 | PQ15: =+IF(PO15=1,MAX(OJ15,OM15,OP15,OS15,OV15,OY15,PB15,PE15,PK15,PN15),"") | PT15: 45491 | PU15: 1 | PV15: 45491 | PW15: 45527 | PX15: 1 | PY15: 45527 | QA15: 0 | QD15: 0.5 | QF15: 0.93745 | QG15: =+IF(MIN(PT15,PW15,PZ15,QC15)=0,"",MIN(PT15,PW15,PZ15,QC15)) -> 45491 | QH15: =+IF(QF15=1,MAX(PV15,PY15,QB15,QE15),"") | QL15: =(JN15+JR15+JV15+JZ15+KD15+KH15)/3 -> 1 | QN15: =(JN15+JR15+JV15)/3 -> 1 | QO15: 45890 | QP15: 1 | QQ15: 45890 | QR15: 45952 | QS15: 1 | QT15: 45952
A16: =1+A15 -> 5 | B16: T004 | D16: HE | E16: D4 | F16: 8814.62 | G16: SH | H16: HG | I16: INST | O16: Z | P16: Z | Q16: Z | R16: Z | S16: HELICOIDALES | AG16: =AD16/$AG$8 -> 0 | AH16: =AE16/$AH$8 -> 0 | AI16: =AF16/$AI$8 -> 0 | AM16: =AJ16/$AM$8 -> 0 | AN16: =AK16/$AN$8 -> 0 | AO16: =AL16/$AO$8 -> 0 | AS16: =IFERROR(AP16/$AS$8,0) -> 0 | AT16: =IFERROR(AQ16/$AT$8,0) -> 0 | AU16: =IFERROR(AR16/$AU$8,0) -> 0 | AW16: SI | AX16: =BY16 -> 1 | AY16: NO | AZ16: CAMBIO ANLA | BA16: 45491 | BB16: =PU16 -> 1 | BC16: =QI16 -> 0 | BD16: =QJ16 -> 0 | BE16: 45662 | BF16: =IF(BE16<>"",1,) -> 1 | BG16: 45705 | BH16: =IF(BG16<>"",1,) -> 1 | BI16: =BL16 -> 45706 | BJ16: 0 | BK16: =EW16 -> 45755 | BL16: 45706 | BM16: 1 | BN16: 45706 | BO16: 45706 | BP16: 1 | BQ16: 45706 | BR16: 45706 | BS16: 1 | BT16: 45706 | BU16: 45706 | BV16: 1 | BW16: 45706 | BX16: =IF(MIN(BL16,BO16,BR16,BU16)=0,"",MIN(BL16,BO16,BR16,BU16)) -> 45706 | BY16: =+(BV16+BS16+BP16+BM16)/4 -> 1 | BZ16: =IF(BY16=1,MAX(BN16,BQ16,BT16,BW16),"") -> 45706 | CA16: 45714 | CB16: 1 | CC16: =IF(CA16="","",CA16) -> 45714 | CD16: 45714 | CE16: 1 | CF16: =IF(CD16="","",CD16) -> 45714 | CG16: 45714 | CH16: 1 | CI16: =IF(CG16="","",CG16) -> 45714 | CJ16: 45714 | CK16: 1 | CL16: =IF(CJ16="","",CJ16) -> 45714 | CM16: =IF(MIN(CA16,CD16,CG16,CJ16)=0,"",MIN(CA16,CD16,CG16,CJ16)) -> 45714 | CN16: =+(CK16+CH16+CE16+CB16)/4 -> 1 | CO16: =IF(CN16=1,MAX(CC16,CF16,CI16,CL16),"") -> 45714 | CP16: 45709 | CQ16: 1 | CR16: 45709 | CS16: 45708 | CT16: 1 | CU16: 45708 | CV16: 45708 | CW16: 1 | CX16: 45708 | CY16: 45706 | CZ16: 1 | DA16: 45709 | DB16: =IF(MIN(CP16,CS16,CV16,CY16)=0,"",MIN(CP16,CS16,CV16,CY16)) -> 45706 | DC16: =+(CZ16+CW16+CT16+CQ16)/4 -> 1 | DD16: =IF(DC16=1,MAX(CR16,CU16,CX16,DA16),"") -> 45709 | DE16: 45751 | DF16: 1 | DG16: 45754 | DH16: 45751 | DI16: 1 | DJ16: 45754 | DK16: 45751 | DL16: 1 | DM16: 45752 | DN16: 45751 | DO16: 1 | DP16: 45752 | DQ16: =IF(MIN(DE16,DH16,DK16,DN16)=0,"",MIN(DE16,DH16,DK16,DN16)) -> 45751 | DR16: =+(DO16+DL16+DI16+DF16)/4 -> 1 | DS16: =IF(DR16=1,MAX(DG16,DJ16,DM16,DP16),"") -> 45754 | DT16: 45754 | DU16: 1 | DV16: 45754 | DW16: 45754 | DX16: 1 | DY16: 45754 | DZ16: 45754 | EA16: 1 | EB16: 45754 | EC16: 45754 | ED16: 1 | EE16: 45754 | EF16: =IF(MIN(DT16,DW16,DZ16,EC16)=0,"",MIN(DT16,DW16,DZ16,EC16)) -> 45754 | EG16: =+(ED16+EA16+DX16+DU16)/4 -> 1 | EH16: =IF(EG16=1,MAX(DV16,DY16,EB16,EE16),"") -> 45754 | EI16: 45755 | EJ16: 1 | EK16: =IF(EI16="","",EI16) -> 45755 | EL16: 45754 | EM16: 1 | EN16: =IF(EL16="","",EL16) -> 45754 | EO16: 45754 | EP16: 1 | EQ16: =IF(EO16="","",EO16) -> 45754 | ER16: 45754 | ES16: 1 | ET16: =IF(ER16="","",ER16) -> 45754 | EU16: =IF(MIN(EI16,EL16,EO16,ER16)=0,"",MIN(EI16,EL16,EO16,ER16)) -> 45754 | EV16: =+(ES16+EP16+EM16+EJ16)/4 -> 1 | EW16: =IF(EV16=1,MAX(EK16,EN16,EQ16,ET16),"") -> 45755 | EY16: 0 | FB16: 0 | FE16: 0 | FH16: 0 | FJ16: =IF(MIN(EX16,FA16,FD16,FG16)=0,"",MIN(EX16,FA16,FD16,FG16)) | FK16: 0 | FL16: =IF(FK16=1,MAX(EZ16,FC16,FF16,FI16),"") | FM16: 45760 | FN16: 1 | FO16: 45760 | FP16: 45760 | FQ16: 1 | FR16: 45760 | FS16: 45762 | FT16: 1 | FU16: 45763 | FV16: 45762 | FW16: 1 | FX16: 45763 | FY16: =IF(MIN(FM16,FP16,FS16,FV16)=0,"",MIN(FM16,FP16,FS16,FV16)) -> 45760 | FZ16: =((FW16+FT16+FQ16+FN16)/4) -> 1 | GA16: =IF(FZ16=1,MAX(FO16,FR16,FU16,FX16),"") -> 45763 | GB16: 45755 | GC16: 1 | GD16: =IF(GB16="","",GB16) -> 45755 | GE16: 45754 | GF16: 1 | GG16: =IF(GE16="","",GE16) -> 45754 | GH16: 45754 | GI16: 1 | GJ16: =IF(GH16="","",GH16) -> 45754 | GK16: 45754 | GL16: 1 | GM16: =IF(GK16="","",GK16) -> 45754 | GN16: =IF(MIN(GB16,GE16,GH16,GK16)=0,"",MIN(GB16,GE16,GH16,GK16)) -> 45754 | GO16: =+(GL16+GI16+GF16+GC16)/4 -> 1 | GP16: =IF(GO16=1,MAX(GD16,GG16,GJ16,GM16),"") -> 45755 | GQ16: =(BY16*$BY$7)+(CN16*$CN$7)+(DR16*$DR$7)+(EV16*$EV$7)+(FZ16*$FZ$7) -> 1 | GR16: =+IF(MIN(BX16,CM16,DB16,DQ16,EF16,EU16,FY16)=0,"",MIN(BX16,CM16,DB16,DQ16,EF16,EU16,FY16)) -> 45706 | GS16: =+IF(GQ16=1,MAX(BZ16,CO16,DD16,DS16,EH16,EW16,GA16,GP16),"") -> 45763 | GV16: 45858 | GW16: 1 | GX16: 45862 | GY16: 45858 | GZ16: 1 | HA16: 45862 | HB16: 45858 | HC16: 1 | HD16: 45862 | HE16: 45858 | HF16: 1 | HG16: 45862 | HH16: =IF(MIN(GV16,GY16,HB16,HE16)=0,"",MIN(GV16,GY16,HB16,HE16)) -> 45858 | HI16: =+(HF16+HC16+GZ16+GW16)/4 -> 1 | HJ16: =IF(HI16=1,MAX(GX16,HA16,HD16,HG16),"") -> 45862 | HK16: 0 | HL16: =+IF(MIN(BE16,BI16,GP16,HH16)=0,"",MIN(BE16,BI16,GP16,HH16)) -> 45662 | HM16: =+IF(HK16=1,MAX(BE16,BI16,GS16,HJ16),"") | HR16: 45793 | HS16: 1 | HT16: 45793 | HU16: 45794 | HV16: 1 | HW16: 45794 | HX16: 45796 | HY16: 1 | HZ16: 45796 | IA16: 45799 | IB16: 1 | IC16: 45800 | ID16: 45832 | IE16: 1 | IF16: 45834 | IG16: 45834 | IH16: 45834 | II16: 1 | IJ16: 45834 | IK16: 45834 | IL16: 1 | IM16: 45834 | IN16: =(HV16*$HV$7)+(HY16*$HY$7)+(IB16*$IB$7)+(IE16*$IE$7) -> 1 | IO16: =+IF(MIN(HR16,HU16,HX16,IA16,ID16,IK16)=0,"",MIN(HR16,HU16,HX16,IA16,ID16,IK16)) -> 45793 | IP16: =+IF(IN16=1,MAX(HT16,HW16,HZ16,IC16,IF16,IM16),"") -> 45834 | IS16: 231.17 | IT16: TEND 4 | IV16: 0 | IX16: 45923 | IY16: 1 | IZ16: 45933 | JA16: 45929 | JB16: 1 | JC16: =IF(JA16="","",JA16) -> 45929 | JD16: =JF16*$IS16/1000 -> 0.23117 | JE16: 45936 | JF16: 1 | JG16: 45937 | JH16: =JJ16*$IS16/1000 -> 0.23117 | JI16: 45937 | JJ16: 1 | JK16: 45937 | JL16: =JN16*$IS16/1000 -> 0.23117 | JM16: 45937 | JN16: 1 | JO16: 45937 | JP16: =JR16*$IS16/1000 -> 0.23117 | JQ16: 45938 | JR16: 1 | JS16: 45938 | JT16: =JV16*$IS16/1000 -> 0.23117 | JU16: 45939 | JV16: 1 | JW16: 45939 | JX16: =JZ16*$IS16/1000 -> 0 | JZ16: 0 | KB16: =KD16*$IS16/1000 -> 0 | KD16: 0 | KF16: =KH16*$IS16/1000 -> 0 | KH16: 0 | KK16: 45949 | KL16: 1 | KM16: 45949 | KN16: 45941 | KO16: 1 | KP16: 45931 | KQ16: 45942 | KR16: 1 | KS16: 45942 | KT16: 0 | KU16: =KT16*$IS16/1000 -> 0 | KV16: =+IF(MIN(JA16,JE16,JI16,JM16,JQ16,JU16,KK16,KN16,KQ16)=0,"",MIN(JA16,JE16,JI16,JM16,JQ16,JU16,KK16,KN16,KQ16)) -> 45929 | KW16: =+IF(KT16=1,MAX(KP16,KM16,JW16,JS16,JO16,JK16,JG16,JC16,KS16),"") | KX16: 45929 | KY16: 1 | KZ16: =IF(KX16="","",KX16) -> 45929 | LA16: =LC16*$IS16/1000 -> 0.23117 | LB16: 45934 | LC16: 1 | LD16: =IF(LB16="","",LB16) -> 45934 | LE16: =LG16*$IS16/1000 -> 0.23117 | LF16: 45934 | LG16: 1 | LH16: =IF(LF16="","",LF16) -> 45934 | LI16: =LK16*$IS16/1000 -> 0.23117 | LJ16: 45934 | LK16: 1 | LL16: =IF(LJ16="","",LJ16) -> 45934 | LM16: 45946 | LN16: 1 | LO16: 45946 | LQ16: 0 | LT16: 0 | LV16: 0 | LW16: =LV16*$IS16/1000 -> 0 | LX16: =+IF(MIN(KX16,LB16,LF16,LJ16,LM16,LP16,LS16)=0,"",MIN(KX16,LB16,LF16,LJ16,LM16,LP16,LS16)) -> 45929 | LY16: =IF(LV16=1,MAX(LU16),"") | LZ16: 45929 | MA16: 1 | MB16: =IF(LZ16="","",LZ16) -> 45929 | MC16: =ME16*$IS16/1000 -> 0.23117 | MD16: 45936 | ME16: 1 | MF16: =IF(MD16="","",MD16) -> 45936 | MG16: =MI16*$IS16/1000 -> 0.23117 | MH16: 45936 | MI16: 1 | MJ16: =IF(MH16="","",MH16) -> 45936 | MK16: =MM16*$IS16/1000 -> 0.23117 | ML16: 45936 | MM16: 1 | MN16: =IF(ML16="","",ML16) -> 45936 | MO16: 45946 | MP16: 1 | MQ16: 45946 | MS16: 0 | MV16: 0 | MX16: 0 | MY16: =MX16*$IS16/1000 -> 0 | MZ16: =+IF(MIN(LZ16,MD16,MH16,ML16,MO16,MR16,MU16)=0,"",MIN(LZ16,MD16,MH16,ML16,MO16,MR16,MU16)) -> 45929 | NA16: =IF(MX16=1,MAX(MW16),"") | NB16: 0 | NC16: =NB16*$IS16/1000 -> 0 | ND16: =+IF(MIN(MZ16,LX16,KV16,IU16)=0,"",MIN(MZ16,LX16,KV16,IU16)) -> 45929 | NE16: =+IF(IN16=1,MAX(IW16,KW16,LY16,NA16),"") -> 0 | NH16: 45979 | NI16: 1 | NJ16: 45981 | NM16: 0 | NN16: =NM16*$IS16/1000 -> 0 | NQ16: 0 | NR16: =NQ16*$IS16/1000 -> 0 | NU16: 0 | NV16: =NU16*$IS16/1000 -> 0 | NX16: =IF(NU16=1,MAX(NT16),"") | NZ16: 0 | OC16: 0 | OF16: 0 | OI16: 1 | OL16: 0.5 | OO16: 1 | OR16: =PD16 -> 0 | OU16: 0 | OX16: 0 | OZ16: 45705 | PA16: 1 | PB16: =OZ16 -> 45705 | PC16: N/A | PD16: 0 | PG16: 0 | PI16: 45706 | PJ16: 1 | PK16: ='Seg Diario'!HJ16 -> 45862 | PL16: =PI16 -> 45706 | PM16: =PJ16 -> 1 | PN16: =PK16 -> 45862 | PO16: 0.045 | PP16: =+IF(MIN(OH16,OK16,ON16,OQ16,OT16,OW16,OZ16,PC16,PI16,PL16)=0,"",MIN(OH16,OK16,ON16,OQ16,OT16,OW16,OZ16,PC16,PI16,PL16)) -> 45705 | PQ16: =+IF(PO16=1,MAX(OJ16,OM16,OP16,OS16,OV16,OY16,PB16,PE16,PK16,PN16),"") | PT16: 45491 | PU16: 1 | PV16: 45491 | PW16: 45527 | PX16: 1 | PY16: 45527 | QA16: 0 | QD16: 0.5 | QF16: 0.93745 | QG16: =+IF(MIN(PT16,PW16,PZ16,QC16)=0,"",MIN(PT16,PW16,PZ16,QC16)) -> 45491 | QH16: =+IF(QF16=1,MAX(PV16,PY16,QB16,QE16),"") | QL16: =(JN16+JR16+JV16+JZ16+KD16+KH16)/3 -> 1 | QM16: Cruce con línea de 13,2 kV, poste 6.64m a eje de línea | QN16: =(JN16+JR16+JV16)/3 -> 1 | QO16: 45890 | QP16: 1 | QQ16: 45890 | QR16: 45909 | QS16: 1 | QT16: 45909
B17: T005 | D17: HE | E17: B5 | F17: 9171.39 | G17: INST | H17: HG | I17: INST | O17: Z | P17: Z | Q17: Z | R17: Z | S17: HELICOIDALES | AG17: =AD17/$AG$8 -> 0 | AH17: =AE17/$AH$8 -> 0 | AI17: =AF17/$AI$8 -> 0 | AM17: =AJ17/$AM$8 -> 0 | AN17: =AK17/$AN$8 -> 0 | AO17: =AL17/$AO$8 -> 0 | AS17: =IFERROR(AP17/$AS$8,0) -> 0 | AT17: =IFERROR(AQ17/$AT$8,0) -> 0 | AU17: =IFERROR(AR17/$AU$8,0) -> 0 | AW17: SI | AX17: =BY17 -> 1 | AY17: NO | BA17: 45491 | BB17: =PU17 -> 1 | BC17: =QI17 -> 0 | BD17: =QJ17 -> 0 | BE17: 45679 | BF17: =IF(BE17<>"",1,) -> 1 | BG17: 45716 | BH17: =IF(BG17<>"",1,) -> 1 | BI17: =BL17 -> 45721 | BJ17: 0 | BK17: =EW17 -> 45743 | BL17: 45721 | BM17: 1 | BN17: 45721 | BO17: 45721 | BP17: 1 | BQ17: 45721 | BR17: 45721 | BS17: 1 | BT17: 45721 | BU17: 45721 | BV17: 1 | BW17: 45721 | BX17: =IF(MIN(BL17,BO17,BR17,BU17)=0,"",MIN(BL17,BO17,BR17,BU17)) -> 45721 | BY17: =+(BV17+BS17+BP17+BM17)/4 -> 1 | BZ17: =IF(BY17=1,MAX(BN17,BQ17,BT17,BW17),"") -> 45721 | CA17: 45741 | CB17: 1 | CC17: =IF(CA17="","",CA17) -> 45741 | CD17: 45741 | CE17: 1 | CF17: =IF(CD17="","",CD17) -> 45741 | CG17: 45741 | CH17: 1 | CI17: =IF(CG17="","",CG17) -> 45741 | CJ17: 45741 | CK17: 1 | CL17: =IF(CJ17="","",CJ17) -> 45741 | CM17: =IF(MIN(CA17,CD17,CG17,CJ17)=0,"",MIN(CA17,CD17,CG17,CJ17)) -> 45741 | CN17: =+(CK17+CH17+CE17+CB17)/4 -> 1 | CO17: =IF(CN17=1,MAX(CC17,CF17,CI17,CL17),"") -> 45741 | CP17: 45722 | CQ17: 1 | CR17: 45722 | CS17: 45722 | CT17: 1 | CU17: 45722 | CV17: 45722 | CW17: 1 | CX17: 45722 | CY17: 45723 | CZ17: 1 | DA17: 45723 | DB17: =IF(MIN(CP17,CS17,CV17,CY17)=0,"",MIN(CP17,CS17,CV17,CY17)) -> 45722 | DC17: =+(CZ17+CW17+CT17+CQ17)/4 -> 1 | DD17: =IF(DC17=1,MAX(CR17,CU17,CX17,DA17),"") -> 45723 | DE17: 45741 | DF17: 1 | DG17: 45742 | DH17: 45741 | DI17: 1 | DJ17: 45742 | DK17: 45741 | DL17: 1 | DM17: 45742 | DN17: 45741 | DO17: 1 | DP17: 45742 | DQ17: =IF(MIN(DE17,DH17,DK17,DN17)=0,"",MIN(DE17,DH17,DK17,DN17)) -> 45741 | DR17: =+(DO17+DL17+DI17+DF17)/4 -> 1 | DS17: =IF(DR17=1,MAX(DG17,DJ17,DM17,DP17),"") -> 45742 | DT17: 45742 | DU17: 1 | DV17: 45742 | DW17: 45742 | DX17: 1 | DY17: 45742 | DZ17: 45742 | EA17: 1 | EB17: 45742 | EC17: 45742 | ED17: 1 | EE17: 45742 | EF17: =IF(MIN(DT17,DW17,DZ17,EC17)=0,"",MIN(DT17,DW17,DZ17,EC17)) -> 45742 | EG17: =+(ED17+EA17+DX17+DU17)/4 -> 1 | EH17: =IF(EG17=1,MAX(DV17,DY17,EB17,EE17),"") -> 45742 | EI17: 45743 | EJ17: 1 | EK17: =IF(EI17="","",EI17) -> 45743 | EL17: 45743 | EM17: 1 | EN17: =IF(EL17="","",EL17) -> 45743 | EO17: 45743 | EP17: 1 | EQ17: =IF(EO17="","",EO17) -> 45743 | ER17: 45743 | ES17: 1 | ET17: =IF(ER17="","",ER17) -> 45743 | EU17: =IF(MIN(EI17,EL17,EO17,ER17)=0,"",MIN(EI17,EL17,EO17,ER17)) -> 45743 | EV17: =+(ES17+EP17+EM17+EJ17)/4 -> 1 | EW17: =IF(EV17=1,MAX(EK17,EN17,EQ17,ET17),"") -> 45743 | EY17: 0 | FB17: 0 | FE17: 0 | FH17: 0 | FJ17: =IF(MIN(EX17,FA17,FD17,FG17)=0,"",MIN(EX17,FA17,FD17,FG17)) | FK17: 0 | FL17: =IF(FK17=1,MAX(EZ17,FC17,FF17,FI17),"") | FM17: 45748 | FN17: 1 | FO17: 45749 | FP17: 45748 | FQ17: 1 | FR17: 45749 | FS17: 45748 | FT17: 1 | FU17: 45749 | FV17: 45748 | FW17: 1 | FX17: 45749 | FY17: =IF(MIN(FM17,FP17,FS17,FV17)=0,"",MIN(FM17,FP17,FS17,FV17)) -> 45748 | FZ17: =((FW17+FT17+FQ17+FN17)/4) -> 1 | GA17: =IF(FZ17=1,MAX(FO17,FR17,FU17,FX17),"") -> 45749 | GB17: 45743 | GC17: 1 | GD17: =IF(GB17="","",GB17) -> 45743 | GE17: 45743 | GF17: 1 | GG17: =IF(GE17="","",GE17) -> 45743 | GH17: 45743 | GI17: 1 | GJ17: =IF(GH17="","",GH17) -> 45743 | GK17: 45743 | GL17: 1 | GM17: =IF(GK17="","",GK17) -> 45743 | GN17: =IF(MIN(GB17,GE17,GH17,GK17)=0,"",MIN(GB17,GE17,GH17,GK17)) -> 45743 | GO17: =+(GL17+GI17+GF17+GC17)/4 -> 1 | GP17: =IF(GO17=1,MAX(GD17,GG17,GJ17,GM17),"") -> 45743 | GQ17: =(BY17*$BY$7)+(CN17*$CN$7)+(DR17*$DR$7)+(EV17*$EV$7)+(FZ17*$FZ$7) -> 1 | GR17: =+IF(MIN(BX17,CM17,DB17,DQ17,EF17,EU17,FY17)=0,"",MIN(BX17,CM17,DB17,DQ17,EF17,EU17,FY17)) -> 45721 | GS17: =+IF(GQ17=1,MAX(BZ17,CO17,DD17,DS17,EH17,EW17,GA17,GP17),"") -> 45749 | GV17: 45885 | GW17: 1 | GX17: 45896 | GY17: 45885 | GZ17: 1 | HA17: 45896 | HB17: 45885 | HC17: 1 | HD17: 45896 | HE17: 45885 | HF17: 1 | HG17: 45896 | HH17: =IF(MIN(GV17,GY17,HB17,HE17)=0,"",MIN(GV17,GY17,HB17,HE17)) -> 45885 | HI17: =+(HF17+HC17+GZ17+GW17)/4 -> 1 | HJ17: =IF(HI17=1,MAX(GX17,HA17,HD17,HG17),"") -> 45896 | HK17: 0 | HL17: =+IF(MIN(BE17,BI17,GP17,HH17)=0,"",MIN(BE17,BI17,GP17,HH17)) -> 45679 | HM17: =+IF(HK17=1,MAX(BE17,BI17,GS17,HJ17),"") | HR17: 45795 | HS17: 1 | HT17: 45795 | HU17: 45796 | HV17: 1 | HW17: 45796 | HX17: 45797 | HY17: 1 | HZ17: 45800 | IA17: 45800 | IB17: 1 | IC17: 45801 | ID17: 45802 | IE17: 1 | IF17: 45790 | IG17: 45821 | IH17: 46155 | II17: 1 | IJ17: 46155 | IK17: 45822 | IL17: 1 | IM17: 45822 | IN17: =(HV17*$HV$7)+(HY17*$HY$7)+(IB17*$IB$7)+(IE17*$IE$7) -> 1 | IO17: =+IF(MIN(HR17,HU17,HX17,IA17,ID17,IK17)=0,"",MIN(HR17,HU17,HX17,IA17,ID17,IK17)) -> 45795 | IP17: =+IF(IN17=1,MAX(HT17,HW17,HZ17,IC17,IF17,IM17),"") -> 45822 | IS17: 333.61 | IT17: TEND 1 | IV17: 0 | IY17: 0 | JA17: 45843 | JB17: 1 | JC17: =IF(JA17="","",JA17) -> 45843 | JD17: =JF17*$IS17/1000 -> 0.33361 | JE17: 45849 | JF17: 1 | JG17: 45867 | JH17: =JJ17*$IS17/1000 -> 0.33361 | JI17: 45855 | JJ17: 1 | JK17: 45867 | JL17: =JN17*$IS17/1000 -> 0.33361 | JM17: 45870 | JN17: 1 | JO17: 45870 | JP17: =JR17*$IS17/1000 -> 0.33361 | JQ17: 45869 | JR17: 1 | JS17: 45869 | JT17: =JV17*$IS17/1000 -> 0.33361 | JU17: 45871 | JV17: 1 | JW17: 45871 | JX17: =JZ17*$IS17/1000 -> 0 | JZ17: 0 | KB17: =KD17*$IS17/1000 -> 0 | KD17: 0 | KF17: =KH17*$IS17/1000 -> 0 | KH17: 0 | KK17: 45949 | KL17: 1 | KM17: 45949 | KN17: 45941 | KO17: 1 | KP17: 45931 | KQ17: 45941 | KR17: 1 | KS17: 45942 | KT17: 0 | KU17: =KT17*$IS17/1000 -> 0 | KV17: =+IF(MIN(JA17,JE17,JI17,JM17,JQ17,JU17,KK17,KN17,KQ17)=0,"",MIN(JA17,JE17,JI17,JM17,JQ17,JU17,KK17,KN17,KQ17)) -> 45843 | KW17: =+IF(KT17=1,MAX(KP17,KM17,JW17,JS17,JO17,JK17,JG17,JC17,KS17),"") | KX17: 45856 | KY17: 1 | KZ17: =IF(KX17="","",KX17) -> 45856 | LA17: =LC17*$IS17/1000 -> 0.33361 | LB17: 45934 | LC17: 1 | LD17: =IF(LB17="","",LB17) -> 45934 | LE17: =LG17*$IS17/1000 -> 0.33361 | LF17: 45934 | LG17: 1 | LH17: =IF(LF17="","",LF17) -> 45934 | LI17: =LK17*$IS17/1000 -> 0.33361 | LJ17: 45934 | LK17: 1 | LL17: =IF(LJ17="","",LJ17) -> 45934 | LM17: 45946 | LN17: 1 | LO17: 45946 | LP17: 45952 | LQ17: 1 | LR17: 45952 | LT17: 0 | LV17: 0 | LW17: =LV17*$IS17/1000 -> 0 | LX17: =+IF(MIN(KX17,LB17,LF17,LJ17,LM17,LP17,LS17)=0,"",MIN(KX17,LB17,LF17,LJ17,LM17,LP17,LS17)) -> 45856 | LY17: =IF(LV17=1,MAX(LU17),"") | LZ17: 45849 | MA17: 1 | MB17: =IF(LZ17="","",LZ17) -> 45849 | MC17: =ME17*$IS17/1000 -> 0.33361 | MD17: 45936 | ME17: 1 | MF17: =IF(MD17="","",MD17) -> 45936 | MG17: =MI17*$IS17/1000 -> 0.33361 | MH17: 45936 | MI17: 1 | MJ17: =IF(MH17="","",MH17) -> 45936 | MK17: =MM17*$IS17/1000 -> 0.33361 | ML17: 45936 | MM17: 1 | MN17: =IF(ML17="","",ML17) -> 45936 | MO17: 45946 | MP17: 1 | MQ17: 45946 | MR17: 45952 | MS17: 1 | MT17: 45952 | MV17: 0 | MX17: 0 | MY17: =MX17*$IS17/1000 -> 0 | MZ17: =+IF(MIN(LZ17,MD17,MH17,ML17,MO17,MR17,MU17)=0,"",MIN(LZ17,MD17,MH17,ML17,MO17,MR17,MU17)) -> 45849 | NA17: =IF(MX17=1,MAX(MW17),"") | NB17: 0 | NC17: =NB17*$IS17/1000 -> 0 | ND17: =+IF(MIN(MZ17,LX17,KV17,IU17)=0,"",MIN(MZ17,LX17,KV17,IU17)) -> 45843 | NE17: =+IF(IN17=1,MAX(IW17,KW17,LY17,NA17),"") -> 0 | NI17: 0 | NM17: 0 | NN17: =NM17*$IS17/1000 -> 0 | NQ17: 0 | NR17: =NQ17*$IS17/1000 -> 0 | NU17: 0 | NV17: =NU17*$IS17/1000 -> 0 | NX17: =IF(NU17=1,MAX(NT17),"") | NZ17: 0 | OC17: 0 | OF17: 0 | OI17: 1 | OL17: 0.5 | OO17: 1 | OR17: =PD17 -> 0 | OU17: 0 | OX17: 0 | OZ17: 45703 | PA17: 1 | PB17: =OZ17 -> 45703 | PC17: N/A | PD17: 0 | PG17: 0 | PI17: 45721 | PJ17: 1 | PK17: ='Seg Diario'!HJ17 -> 45896 | PL17: =PI17 -> 45721 | PM17: =PJ17 -> 1 | PN17: =PK17 -> 45896 | PO17: 0.045 | PP17: =+IF(MIN(OH17,OK17,ON17,OQ17,OT17,OW17,OZ17,PC17,PI17,PL17)=0,"",MIN(OH17,OK17,ON17,OQ17,OT17,OW17,OZ17,PC17,PI17,PL17)) -> 45703 | PQ17: =+IF(PO17=1,MAX(OJ17,OM17,OP17,OS17,OV17,OY17,PB17,PE17,PK17,PN17),"") | PT17: 45491 | PU17: 1 | PV17: 45491 | PW17: 45527 | PX17: 1 | PY17: 45527 | QA17: 0 | QD17: 0.5 | QF17: 0.93745 | QG17: =+IF(MIN(PT17,PW17,PZ17,QC17)=0,"",MIN(PT17,PW17,PZ17,QC17)) -> 45491 | QH17: =+IF(QF17=1,MAX(PV17,PY17,QB17,QE17),"") | QL17: =(JN17+JR17+JV17+JZ17+KD17+KH17)/3 -> 1 | QN17: =(JN17+JR17+JV17)/3 -> 1 | QO17: 45890 | QP17: 1 | QQ17: 45890 | QR17: 45909 | QS17: 1 | QT17: 45909
A18: =1+A17 -> #VALUE! | B18: T006 | D18: HE | E18: C5 | F18: 10213.45 | G18: SH | H18: HG | I18: INST | O18: Z | P18: Z | Q18: Z | R18: Z | S18: HELICOIDALES | AG18: =AD18/$AG$8 -> 0 | AH18: =AE18/$AH$8 -> 0 | AI18: =AF18/$AI$8 -> 0 | AM18: =AJ18/$AM$8 -> 0 | AN18: =AK18/$AN$8 -> 0 | AO18: =AL18/$AO$8 -> 0 | AS18: =IFERROR(AP18/$AS$8,0) -> 0 | AT18: =IFERROR(AQ18/$AT$8,0) -> 0 | AU18: =IFERROR(AR18/$AU$8,0) -> 0 | AW18: SI | AX18: 1 | AY18: NO | AZ18: ARQUEOLOGIA | BA18: 45491 | BB18: =PU18 -> 1 | BC18: =QI18 -> 0 | BD18: =QJ18 -> 0 | BE18: 45683 | BF18: =IF(BE18<>"",1,) -> 1 | BG18: 45721 | BH18: =IF(BG18<>"",1,) -> 1 | BI18: =BL18 -> 45724 | BJ18: 0 | BK18: =EW18 -> 45750 | BL18: 45724 | BM18: 1 | BN18: 45724 | BO18: 45724 | BP18: 1 | BQ18: 45724 | BR18: 45726 | BS18: 1 | BT18: 45726 | BU18: 45724 | BV18: 1 | BW18: 45724 | BX18: =IF(MIN(BL18,BO18,BR18,BU18)=0,"",MIN(BL18,BO18,BR18,BU18)) -> 45724 | BY18: =+(BV18+BS18+BP18+BM18)/4 -> 1 | BZ18: =IF(BY18=1,MAX(BN18,BQ18,BT18,BW18),"") -> 45726 | CA18: 45748 | CB18: 1 | CC18: =IF(CA18="","",CA18) -> 45748 | CD18: 45748 | CE18: 1 | CF18: =IF(CD18="","",CD18) -> 45748 | CG18: 45748 | CH18: 1 | CI18: =IF(CG18="","",CG18) -> 45748 | CJ18: 45748 | CK18: 1 | CL18: =IF(CJ18="","",CJ18) -> 45748 | CM18: =IF(MIN(CA18,CD18,CG18,CJ18)=0,"",MIN(CA18,CD18,CG18,CJ18)) -> 45748 | CN18: =+(CK18+CH18+CE18+CB18)/4 -> 1 | CO18: =IF(CN18=1,MAX(CC18,CF18,CI18,CL18),"") -> 45748 | CP18: 45735 | CQ18: 1 | CR18: 45737 | CS18: 45726 | CT18: 1 | CU18: 45734 | CV18: 45734 | CW18: 1 | CX18: 45734 | CY18: 45736 | CZ18: 1 | DA18: 45737 | DB18: =IF(MIN(CP18,CS18,CV18,CY18)=0,"",MIN(CP18,CS18,CV18,CY18)) -> 45726 | DC18: =+(CZ18+CW18+CT18+CQ18)/4 -> 1 | DD18: =IF(DC18=1,MAX(CR18,CU18,CX18,DA18),"") -> 45737 | DE18: 45748 | DF18: 1 | DG18: 45749 | DH18: 45748 | DI18: 1 | DJ18: 45749 | DK18: 45748 | DL18: 1 | DM18: 45749 | DN18: 45748 | DO18: 1 | DP18: 45749 | DQ18: =IF(MIN(DE18,DH18,DK18,DN18)=0,"",MIN(DE18,DH18,DK18,DN18)) -> 45748 | DR18: =+(DO18+DL18+DI18+DF18)/4 -> 1 | DS18: =IF(DR18=1,MAX(DG18,DJ18,DM18,DP18),"") -> 45749 | DT18: 45748 | DU18: 1 | DV18: 45749 | DW18: 45748 | DX18: 1 | DY18: 45749 | DZ18: 45748 | EA18: 1 | EB18: 45749 | EC18: 45748 | ED18: 1 | EE18: 45749 | EF18: =IF(MIN(DT18,DW18,DZ18,EC18)=0,"",MIN(DT18,DW18,DZ18,EC18)) -> 45748 | EG18: =+(ED18+EA18+DX18+DU18)/4 -> 1 | EH18: =IF(EG18=1,MAX(DV18,DY18,EB18,EE18),"") -> 45749 | EI18: 45750 | EJ18: 1 | EK18: =IF(EI18="","",EI18) -> 45750 | EL18: 45750 | EM18: 1 | EN18: =IF(EL18="","",EL18) -> 45750 | EO18: 45750 | EP18: 1 | EQ18: =IF(EO18="","",EO18) -> 45750 | ER18: 45750 | ES18: 1 | ET18: =IF(ER18="","",ER18) -> 45750 | EU18: =IF(MIN(EI18,EL18,EO18,ER18)=0,"",MIN(EI18,EL18,EO18,ER18)) -> 45750 | EV18: =+(ES18+EP18+EM18+EJ18)/4 -> 1 | EW18: =IF(EV18=1,MAX(EK18,EN18,EQ18,ET18),"") -> 45750 | EY18: 0 | FB18: 0 | FE18: 0 | FH18: 0 | FJ18: =IF(MIN(EX18,FA18,FD18,FG18)=0,"",MIN(EX18,FA18,FD18,FG18)) | FK18: 0 | FL18: =IF(FK18=1,MAX(EZ18,FC18,FF18,FI18),"") | FM18: 45759 | FN18: 1 | FO18: 45759 | FP18: 45759 | FQ18: 1 | FR18: 45759 | FS18: 45759 | FT18: 1 | FU18: 45759 | FV18: 45759 | FW18: 1 | FX18: 45759 | FY18: =IF(MIN(FM18,FP18,FS18,FV18)=0,"",MIN(FM18,FP18,FS18,FV18)) -> 45759 | FZ18: =((FW18+FT18+FQ18+FN18)/4) -> 1 | GA18: =IF(FZ18=1,MAX(FO18,FR18,FU18,FX18),"") -> 45759 | GB18: 45750 | GC18: 1 | GD18: =IF(GB18="","",GB18) -> 45750 | GE18: 45750 | GF18: 1 | GG18: =IF(GE18="","",GE18) -> 45750 | GH18: 45750 | GI18: 1 | GJ18: =IF(GH18="","",GH18) -> 45750 | GK18: 45750 | GL18: 1 | GM18: =IF(GK18="","",GK18) -> 45750 | GN18: =IF(MIN(GB18,GE18,GH18,GK18)=0,"",MIN(GB18,GE18,GH18,GK18)) -> 45750 | GO18: =+(GL18+GI18+GF18+GC18)/4 -> 1 | GP18: =IF(GO18=1,MAX(GD18,GG18,GJ18,GM18),"") -> 45750 | GQ18: =(BY18*$BY$7)+(CN18*$CN$7)+(DR18*$DR$7)+(EV18*$EV$7)+(FZ18*$FZ$7) -> 1 | GR18: =+IF(MIN(BX18,CM18,DB18,DQ18,EF18,EU18,FY18)=0,"",MIN(BX18,CM18,DB18,DQ18,EF18,EU18,FY18)) -> 45724 | GS18: =+IF(GQ18=1,MAX(BZ18,CO18,DD18,DS18,EH18,EW18,GA18,GP18),"") -> 45759 | GV18: 45896 | GW18: 1 | GX18: 45901 | GY18: 45896 | GZ18: 1 | HA18: 45901 | HB18: 45896 | HC18: 1 | HD18: 45901 | HE18: 45896 | HF18: 1 | HG18: 45901 | HH18: =IF(MIN(GV18,GY18,HB18,HE18)=0,"",MIN(GV18,GY18,HB18,HE18)) -> 45896 | HI18: =+(HF18+HC18+GZ18+GW18)/4 -> 1 | HJ18: =IF(HI18=1,MAX(GX18,HA18,HD18,HG18),"") -> 45901 | HK18: 0 | HL18: =+IF(MIN(BE18,BI18,GP18,HH18)=0,"",MIN(BE18,BI18,GP18,HH18)) -> 45683 | HM18: =+IF(HK18=1,MAX(BE18,BI18,GS18,HJ18),"") | HR18: 45792 | HS18: 1 | HT18: 45792 | HU18: 45794 | HV18: 1 | HW18: 45794 | HX18: 45797 | HY18: 1 | HZ18: 45799 | IA18: 45801 | IB18: 1 | IC18: 45802 | ID18: 45802 | IE18: 1 | IF18: 45832 | IG18: 45834 | IH18: 45834 | II18: 1 | IJ18: 45834 | IK18: 45834 | IL18: 1 | IM18: 45834 | IN18: =(HV18*$HV$7)+(HY18*$HY$7)+(IB18*$IB$7)+(IE18*$IE$7) -> 1 | IO18: =+IF(MIN(HR18,HU18,HX18,IA18,ID18,IK18)=0,"",MIN(HR18,HU18,HX18,IA18,ID18,IK18)) -> 45792 | IP18: =+IF(IN18=1,MAX(HT18,HW18,HZ18,IC18,IF18,IM18),"") -> 45834 | IS18: 313.62 | IT18: TEND 1 | IV18: 0 | IY18: 0 | JA18: 45843 | JB18: 1 | JC18: =IF(JA18="","",JA18) -> 45843 | JD18: =JF18*$IS18/1000 -> 0.31362 | JE18: 45845 | JF18: 1 | JG18: 45867 | JH18: =JJ18*$IS18/1000 -> 0.31362 | JI18: 45855 | JJ18: 1 | JK18: 45867 | JL18: =JN18*$IS18/1000 -> 0.31362 | JM18: 45870 | JN18: 1 | JO18: 45870 | JP18: =JR18*$IS18/1000 -> 0.31362 | JQ18: 45869 | JR18: 1 | JS18: 45869 | JT18: =JV18*$IS18/1000 -> 0.31362 | JU18: 45871 | JV18: 1 | JW18: 45871 | JX18: =JZ18*$IS18/1000 -> 0 | JZ18: 0 | KB18: =KD18*$IS18/1000 -> 0 | KD18: 0 | KF18: =KH18*$IS18/1000 -> 0 | KH18: 0 | KK18: 45949 | KL18: 1 | KM18: 45949 | KN18: 45895 | KO18: 1 | KP18: 45896 | KQ18: 45942 | KR18: 1 | KS18: 45942 | KT18: 0 | KU18: =KT18*$IS18/1000 -> 0 | KV18: =+IF(MIN(JA18,JE18,JI18,JM18,JQ18,JU18,KK18,KN18,KQ18)=0,"",MIN(JA18,JE18,JI18,JM18,JQ18,JU18,KK18,KN18,KQ18)) -> 45843 | KW18: =+IF(KT18=1,MAX(KP18,KM18,JW18,JS18,JO18,JK18,JG18,JC18,KS18),"") | KX18: 45856 | KY18: 1 | KZ18: =IF(KX18="","",KX18) -> 45856 | LA18: =LC18*$IS18/1000 -> 0.31362 | LB18: 45934 | LC18: 1 | LD18: =IF(LB18="","",LB18) -> 45934 | LE18: =LG18*$IS18/1000 -> 0.31362 | LF18: 45934 | LG18: 1 | LH18: =IF(LF18="","",LF18) -> 45934 | LI18: =LK18*$IS18/1000 -> 0.31362 | LJ18: 45934 | LK18: 1 | LL18: =IF(LJ18="","",LJ18) -> 45934 | LM18: 45946 | LN18: 1 | LO18: 45946 | LQ18: 0 | LT18: 0 | LV18: 0 | LW18: =LV18*$IS18/1000 -> 0 | LX18: =+IF(MIN(KX18,LB18,LF18,LJ18,LM18,LP18,LS18)=0,"",MIN(KX18,LB18,LF18,LJ18,LM18,LP18,LS18)) -> 45856 | LY18: =IF(LV18=1,MAX(LU18),"") | LZ18: 45848 | MA18: 1 | MB18: =IF(LZ18="","",LZ18) -> 45848 | MC18: =ME18*$IS18/1000 -> 0.31362 | MD18: 45926 | ME18: 1 | MF18: =IF(MD18="","",MD18) -> 45926 | MG18: =MI18*$IS18/1000 -> 0.31362 | MH18: 45936 | MI18: 1 | MJ18: =IF(MH18="","",MH18) -> 45936 | MK18: =MM18*$IS18/1000 -> 0.31362 | ML18: 45936 | MM18: 1 | MN18: =IF(ML18="","",ML18) -> 45936 | MO18: 45946 | MP18: 1 | MQ18: 45946 | MS18: 0 | MV18: 0 | MX18: 0 | MY18: =MX18*$IS18/1000 -> 0 | MZ18: =+IF(MIN(LZ18,MD18,MH18,ML18,MO18,MR18,MU18)=0,"",MIN(LZ18,MD18,MH18,ML18,MO18,MR18,MU18)) -> 45848 | NA18: =IF(MX18=1,MAX(MW18),"") | NB18: 0 | NC18: =NB18*$IS18/1000 -> 0 | ND18: =+IF(MIN(MZ18,LX18,KV18,IU18)=0,"",MIN(MZ18,LX18,KV18,IU18)) -> 45843 | NE18: =+IF(IN18=1,MAX(IW18,KW18,LY18,NA18),"") -> 0 | NI18: 0 | NM18: 0 | NN18: =NM18*$IS18/1000 -> 0 | NQ18: 0 | NR18: =NQ18*$IS18/1000 -> 0 | NU18: 0 | NV18: =NU18*$IS18/1000 -> 0 | NX18: =IF(NU18=1,MAX(NT18),"") | NZ18: 0 | OC18: 0 | OF18: 0 | OI18: 1 | OL18: 0.5 | OO18: 1 | OR18: =PD18 -> 0 | OU18: 0 | OX18: 0 | OZ18: 45723 | PA18: 1 | PB18: =OZ18 -> 45723 | PC18: N/A | PD18: 0 | PG18: 0 | PI18: 45724 | PJ18: 1 | PK18: ='Seg Diario'!HJ18 -> 45901 | PL18: =PI18 -> 45724 | PM18: =PJ18 -> 1 | PN18: =PK18 -> 45901 | PO18: 0.045 | PP18: =+IF(MIN(OH18,OK18,ON18,OQ18,OT18,OW18,OZ18,PC18,PI18,PL18)=0,"",MIN(OH18,OK18,ON18,OQ18,OT18,OW18,OZ18,PC18,PI18,PL18)) -> 45723 | PQ18: =+IF(PO18=1,MAX(OJ18,OM18,OP18,OS18,OV18,OY18,PB18,PE18,PK18,PN18),"") | PT18: 45491 | PU18: 1 | PV18: 45491 | PW18: 45527 | PX18: 1 | PY18: 45527 | QA18: 0 | QD18: 0.5 | QF18: 0.93745 | QG18: =+IF(MIN(PT18,PW18,PZ18,QC18)=0,"",MIN(PT18,PW18,PZ18,QC18)) -> 45491 | QH18: =+IF(QF18=1,MAX(PV18,PY18,QB18,QE18),"") | QL18: =(JN18+JR18+JV18+JZ18+KD18+KH18)/3 -> 1 | QN18: =(JN18+JR18+JV18)/3 -> 1 | QO18: 45890 | QP18: 1 | QQ18: 45890 | QR18: 45911 | QS18: 1 | QT18: 45911
A19: =1+A18 -> #VALUE! | B19: T007 | D19: HE | E19: B5 | F19: 9171.39 | G19: SH | H19: HG | I19: CXT | O19: Z | P19: Z | Q19: Z | R19: Z | S19: HELICOIDALES | AG19: =AD19/$AG$8 -> 0 | AH19: =AE19/$AH$8 -> 0 | AI19: =AF19/$AI$8 -> 0 | AM19: =AJ19/$AM$8 -> 0 | AN19: =AK19/$AN$8 -> 0 | AO19: =AL19/$AO$8 -> 0 | AS19: =IFERROR(AP19/$AS$8,0) -> 0 | AT19: =IFERROR(AQ19/$AT$8,0) -> 0 | AU19: =IFERROR(AR19/$AU$8,0) -> 0 | AW19: SI | AX19: =BY19 -> 1 | AY19: NO | BA19: 45491 | BB19: 1 | BC19: =QI19 -> 0 | BD19: =QJ19 -> 0 | BE19: 45679 | BF19: =IF(BE19<>"",1,) -> 1 | BG19: 45696 | BH19: =IF(BG19<>"",1,) -> 1 | BI19: =BL19 -> 45723 | BJ19: 0 | BK19: =EW19 -> 45742 | BL19: 45723 | BM19: 1 | BN19: 45723 | BO19: 45723 | BP19: 1 | BQ19: 45723 | BR19: 45723 | BS19: 1 | BT19: 45723 | BU19: 45723 | BV19: 1 | BW19: 45723 | BX19: =IF(MIN(BL19,BO19,BR19,BU19)=0,"",MIN(BL19,BO19,BR19,BU19)) -> 45723 | BY19: =+(BV19+BS19+BP19+BM19)/4 -> 1 | BZ19: =IF(BY19=1,MAX(BN19,BQ19,BT19,BW19),"") -> 45723 | CA19: 45741 | CB19: 1 | CC19: =IF(CA19="","",CA19) -> 45741 | CD19: 45741 | CE19: 1 | CF19: =IF(CD19="","",CD19) -> 45741 | CG19: 45741 | CH19: 1 | CI19: =IF(CG19="","",CG19) -> 45741 | CJ19: 45741 | CK19: 1 | CL19: =IF(CJ19="","",CJ19) -> 45741 | CM19: =IF(MIN(CA19,CD19,CG19,CJ19)=0,"",MIN(CA19,CD19,CG19,CJ19)) -> 45741 | CN19: =+(CK19+CH19+CE19+CB19)/4 -> 1 | CO19: =IF(CN19=1,MAX(CC19,CF19,CI19,CL19),"") -> 45741 | CP19: 45724 | CQ19: 1 | CR19: 45724 | CS19: 45724 | CT19: 1 | CU19: 45724 | CV19: 45724 | CW19: 1 | CX19: 45724 | CY19: 45724 | CZ19: 1 | DA19: 45724 | DB19: =IF(MIN(CP19,CS19,CV19,CY19)=0,"",MIN(CP19,CS19,CV19,CY19)) -> 45724 | DC19: =+(CZ19+CW19+CT19+CQ19)/4 -> 1 | DD19: =IF(DC19=1,MAX(CR19,CU19,CX19,DA19),"") -> 45724 | DE19: 45741 | DF19: 1 | DG19: 45742 | DH19: 45741 | DI19: 1 | DJ19: 45742 | DK19: 45741 | DL19: 1 | DM19: 45742 | DN19: 45741 | DO19: 1 | DP19: 45742 | DQ19: =IF(MIN(DE19,DH19,DK19,DN19)=0,"",MIN(DE19,DH19,DK19,DN19)) -> 45741 | DR19: =+(DO19+DL19+DI19+DF19)/4 -> 1 | DS19: =IF(DR19=1,MAX(DG19,DJ19,DM19,DP19),"") -> 45742 | DT19: 45742 | DU19: 1 | DV19: 45742 | DW19: 45742 | DX19: 1 | DY19: 45742 | DZ19: 45742 | EA19: 1 | EB19: 45742 | EC19: 45742 | ED19: 1 | EE19: 45742 | EF19: =IF(MIN(DT19,DW19,DZ19,EC19)=0,"",MIN(DT19,DW19,DZ19,EC19)) -> 45742 | EG19: =+(ED19+EA19+DX19+DU19)/4 -> 1 | EH19: =IF(EG19=1,MAX(DV19,DY19,EB19,EE19),"") -> 45742 | EI19: 45742 | EJ19: 1 | EK19: =IF(EI19="","",EI19) -> 45742 | EL19: 45742 | EM19: 1 | EN19: =IF(EL19="","",EL19) -> 45742 | EO19: 45742 | EP19: 1 | EQ19: =IF(EO19="","",EO19) -> 45742 | ER19: 45742 | ES19: 1 | ET19: =IF(ER19="","",ER19) -> 45742 | EU19: =IF(MIN(EI19,EL19,EO19,ER19)=0,"",MIN(EI19,EL19,EO19,ER19)) -> 45742 | EV19: =+(ES19+EP19+EM19+EJ19)/4 -> 1 | EW19: =IF(EV19=1,MAX(EK19,EN19,EQ19,ET19),"") -> 45742 | EY19: 0 | FB19: 0 | FE19: 0 | FH19: 0 | FJ19: =IF(MIN(EX19,FA19,FD19,FG19)=0,"",MIN(EX19,FA19,FD19,FG19)) | FK19: 0 | FL19: =IF(FK19=1,MAX(EZ19,FC19,FF19,FI19),"") | FM19: 45747 | FN19: 1 | FO19: 45748 | FP19: 45747 | FQ19: 1 | FR19: 45748 | FS19: 45748 | FT19: 1 | FU19: 45748 | FV19: 45747 | FW19: 1 | FX19: 45748 | FY19: =IF(MIN(FM19,FP19,FS19,FV19)=0,"",MIN(FM19,FP19,FS19,FV19)) -> 45747 | FZ19: =((FW19+FT19+FQ19+FN19)/4) -> 1 | GA19: =IF(FZ19=1,MAX(FO19,FR19,FU19,FX19),"") -> 45748 | GB19: 45742 | GC19: 1 | GD19: =IF(GB19="","",GB19) -> 45742 | GE19: 45742 | GF19: 1 | GG19: =IF(GE19="","",GE19) -> 45742 | GH19: 45742 | GI19: 1 | GJ19: =IF(GH19="","",GH19) -> 45742 | GK19: 45742 | GL19: 1 | GM19: =IF(GK19="","",GK19) -> 45742 | GN19: =IF(MIN(GB19,GE19,GH19,GK19)=0,"",MIN(GB19,GE19,GH19,GK19)) -> 45742 | GO19: =+(GL19+GI19+GF19+GC19)/4 -> 1 | GP19: =IF(GO19=1,MAX(GD19,GG19,GJ19,GM19),"") -> 45742 | GQ19: =(BY19*$BY$7)+(CN19*$CN$7)+(DR19*$DR$7)+(EV19*$EV$7)+(FZ19*$FZ$7) -> 1 | GR19: =+IF(MIN(BX19,CM19,DB19,DQ19,EF19,EU19,FY19)=0,"",MIN(BX19,CM19,DB19,DQ19,EF19,EU19,FY19)) -> 45723 | GS19: =+IF(GQ19=1,MAX(BZ19,CO19,DD19,DS19,EH19,EW19,GA19,GP19),"") -> 45748 | GV19: 45901 | GW19: 1 | GX19: 45905 | GY19: 45901 | GZ19: 1 | HA19: 45905 | HB19: 45901 | HC19: 1 | HD19: 45905 | HE19: 45901 | HF19: 1 | HG19: 45905 | HH19: =IF(MIN(GV19,GY19,HB19,HE19)=0,"",MIN(GV19,GY19,HB19,HE19)) -> 45901 | HI19: =+(HF19+HC19+GZ19+GW19)/4 -> 1 | HJ19: =IF(HI19=1,MAX(GX19,HA19,HD19,HG19),"") -> 45905 | HK19: 0 | HL19: =+IF(MIN(BE19,BI19,GP19,HH19)=0,"",MIN(BE19,BI19,GP19,HH19)) -> 45679 | HM19: =+IF(HK19=1,MAX(BE19,BI19,GS19,HJ19),"") | HR19: 45796 | HS19: 1 | HT19: 45796 | HU19: 45797 | HV19: 1 | HW19: 45797 | HX19: 45802 | HY19: 1 | HZ19: 45803 | IA19: 45805 | IB19: 1 | IC19: 45805 | ID19: 45828 | IE19: 1 | IF19: 45829 | IG19: 45834 | IH19: 45834 | II19: 1 | IJ19: 45834 | IK19: 45834 | IL19: 1 | IM19: 45834 | IN19: =(HV19*$HV$7)+(HY19*$HY$7)+(IB19*$IB$7)+(IE19*$IE$7) -> 1 | IO19: =+IF(MIN(HR19,HU19,HX19,IA19,ID19,IK19)=0,"",MIN(HR19,HU19,HX19,IA19,ID19,IK19)) -> 45796 | IP19: =+IF(IN19=1,MAX(HT19,HW19,HZ19,IC19,IF19,IM19),"") -> 45834 | IS19: 370.75 | IT19: TEND 1 | IV19: 0 | IY19: 0 | JA19: 45843 | JB19: 1 | JC19: =IF(JA19="","",JA19) -> 45843 | JD19: =JF19*$IS19/1000 -> 0.37075 | JE19: 45845 | JF19: 1 | JG19: 45867 | JH19: =JJ19*$IS19/1000 -> 0.37075 | JI19: 45855 | JJ19: 1 | JK19: 45867 | JL19: =JN19*$IS19/1000 -> 0.37075 | JM19: 45870 | JN19: 1 | JO19: 45870 | JP19: =JR19*$IS19/1000 -> 0.37075 | JQ19: 45869 | JR19: 1 | JS19: 45869 | JT19: =JV19*$IS19/1000 -> 0.37075 | JU19: 45871 | JV19: 1 | JW19: 45871 | JX19: =JZ19*$IS19/1000 -> 0 | JZ19: 0 | KB19: =KD19*$IS19/1000 -> 0 | KD19: 0 | KF19: =KH19*$IS19/1000 -> 0 | KH19: 0 | KK19: 45896 | KL19: 1 | KM19: 45896 | KN19: 45895 | KO19: 1 | KP19: 45895 | KQ19: 45941 | KR19: 1 | KS19: 45942 | KT19: 0 | KU19: =KT19*$IS19/1000 -> 0 | KV19: =+IF(MIN(JA19,JE19,JI19,JM19,JQ19,JU19,KK19,KN19,KQ19)=0,"",MIN(JA19,JE19,JI19,JM19,JQ19,JU19,KK19,KN19,KQ19)) -> 45843 | KW19: =+IF(KT19=1,MAX(KP19,KM19,JW19,JS19,JO19,JK19,JG19,JC19,KS19),"") | KX19: 45856 | KY19: 1 | KZ19: =IF(KX19="","",KX19) -> 45856 | LA19: =LC19*$IS19/1000 -> 0.37075 | LB19: 45934 | LC19: 1 | LD19: =IF(LB19="","",LB19) -> 45934 | LE19: =LG19*$IS19/1000 -> 0.37075 | LF19: 45934 | LG19: 1 | LH19: =IF(LF19="","",LF19) -> 45934 | LI19: =LK19*$IS19/1000 -> 0.37075 | LJ19: 45934 | LK19: 1 | LL19: =IF(LJ19="","",LJ19) -> 45934 | LM19: 45947 | LN19: 1 | LO19: 45947 | LP19: 45951 | LQ19: 1 | LR19: 45951 | LT19: 0 | LV19: 0 | LW19: =LV19*$IS19/1000 -> 0 | LX19: =+IF(MIN(KX19,LB19,LF19,LJ19,LM19,LP19,LS19)=0,"",MIN(KX19,LB19,LF19,LJ19,LM19,LP19,LS19)) -> 45856 | LY19: =IF(LV19=1,MAX(LU19),"") | LZ19: 45847 | MA19: 1 | MB19: =IF(LZ19="","",LZ19) -> 45847 | MC19: =ME19*$IS19/1000 -> 0.37075 | MD19: 45926 | ME19: 1 | MF19: =IF(MD19="","",MD19) -> 45926 | MG19: =MI19*$IS19/1000 -> 0.37075 | MH19: 45936 | MI19: 1 | MJ19: =IF(MH19="","",MH19) -> 45936 | MK19: =MM19*$IS19/1000 -> 0.37075 | ML19: 45936 | MM19: 1 | MN19: =IF(ML19="","",ML19) -> 45936 | MO19: 45947 | MP19: 1 | MQ19: 45947 | MR19: 45951 | MS19: 1 | MT19: 45951 | MV19: 0 | MX19: 0 | MY19: =MX19*$IS19/1000 -> 0 | MZ19: =+IF(MIN(LZ19,MD19,MH19,ML19,MO19,MR19,MU19)=0,"",MIN(LZ19,MD19,MH19,ML19,MO19,MR19,MU19)) -> 45847 | NA19: =IF(MX19=1,MAX(MW19),"") | NB19: 0 | NC19: =NB19*$IS19/1000 -> 0 | ND19: =+IF(MIN(MZ19,LX19,KV19,IU19)=0,"",MIN(MZ19,LX19,KV19,IU19)) -> 45843 | NE19: =+IF(IN19=1,MAX(IW19,KW19,LY19,NA19),"") -> 0 | NI19: 0 | NM19: 0 | NN19: =NM19*$IS19/1000 -> 0 | NQ19: 0 | NR19: =NQ19*$IS19/1000 -> 0 | NU19: 0 | NV19: =NU19*$IS19/1000 -> 0 | NX19: =IF(NU19=1,MAX(NT19),"") | NZ19: 0 | OC19: 0 | OF19: 0 | OI19: 1 | OL19: 0.5 | OO19: 1 | OR19: =PD19 -> 0 | OU19: 0 | OX19: 0 | OZ19: 45721 | PA19: 1 | PB19: =OZ19 -> 45721 | PC19: N/A | PD19: 0 | PG19: 0 | PI19: 45723 | PJ19: 1 | PK19: ='Seg Diario'!HJ19 -> 45905 | PL19: =PI19 -> 45723 | PM19: =PJ19 -> 1 | PN19: =PK19 -> 45905 | PO19: 0.045 | PP19: =+IF(MIN(OH19,OK19,ON19,OQ19,OT19,OW19,OZ19,PC19,PI19,PL19)=0,"",MIN(OH19,OK19,ON19,OQ19,OT19,OW19,OZ19,PC19,PI19,PL19)) -> 45721 | PQ19: =+IF(PO19=1,MAX(OJ19,OM19,OP19,OS19,OV19,OY19,PB19,PE19,PK19,PN19),"") | PT19: 45491 | PU19: 1 | PV19: 45491 | PW19: 45527 | PX19: 1 | PY19: 45527 | QA19: 0 | QD19: 0.5 | QF19: 0.93745 | QG19: =+IF(MIN(PT19,PW19,PZ19,QC19)=0,"",MIN(PT19,PW19,PZ19,QC19)) -> 45491 | QH19: =+IF(QF19=1,MAX(PV19,PY19,QB19,QE19),"") | QL19: =(JN19+JR19+JV19+JZ19+KD19+KH19)/3 -> 1 | QN19: =(JN19+JR19+JV19)/3 -> 1 | QO19: 45890 | QP19: 1 | QQ19: 45890 | QR19: 45911 | QS19: 1 | QT19: 45911
A20: =1+A19 -> #VALUE! | B20: T008 | D20: HE | E20: B6 | F20: 10885.28 | G20: SH | H20: HG | I20: CXT | O20: Z | P20: Z | Q20: Z | R20: Z | S20: HELICOIDALES | AG20: =AD20/$AG$8 -> 0 | AH20: =AE20/$AH$8 -> 0 | AI20: =AF20/$AI$8 -> 0 | AM20: =AJ20/$AM$8 -> 0 | AN20: =AK20/$AN$8 -> 0 | AO20: =AL20/$AO$8 -> 0 | AS20: =IFERROR(AP20/$AS$8,0) -> 0 | AT20: =IFERROR(AQ20/$AT$8,0) -> 0 | AU20: =IFERROR(AR20/$AU$8,0) -> 0 | AW20: SI | AX20: =BY20 -> 1 | AY20: NO | AZ20: ARQUEOLOGIA | BA20: 45491 | BB20: =PU20 -> 1 | BC20: =QI20 -> 0 | BD20: =QJ20 -> 0 | BE20: 45679 | BF20: =IF(BE20<>"",1,) -> 1 | BG20: 45722 | BH20: =IF(BG20<>"",1,) -> 1 | BI20: =BL20 -> 45726 | BJ20: 0 | BK20: =EW20 -> 45745 | BL20: 45726 | BM20: 1 | BN20: 45726 | BO20: 45726 | BP20: 1 | BQ20: 45726 | BR20: 45726 | BS20: 1 | BT20: 45726 | BU20: 45726 | BV20: 1 | BW20: 45726 | BX20: =IF(MIN(BL20,BO20,BR20,BU20)=0,"",MIN(BL20,BO20,BR20,BU20)) -> 45726 | BY20: =+(BV20+BS20+BP20+BM20)/4 -> 1 | BZ20: =IF(BY20=1,MAX(BN20,BQ20,BT20,BW20),"") -> 45726 | CA20: 45743 | CB20: 1 | CC20: =IF(CA20="","",CA20) -> 45743 | CD20: 45743 | CE20: 1 | CF20: =IF(CD20="","",CD20) -> 45743 | CG20: 45743 | CH20: 1 | CI20: =IF(CG20="","",CG20) -> 45743 | CJ20: 45743 | CK20: 1 | CL20: =IF(CJ20="","",CJ20) -> 45743 | CM20: =IF(MIN(CA20,CD20,CG20,CJ20)=0,"",MIN(CA20,CD20,CG20,CJ20)) -> 45743 | CN20: =+(CK20+CH20+CE20+CB20)/4 -> 1 | CO20: =IF(CN20=1,MAX(CC20,CF20,CI20,CL20),"") -> 45743 | CP20: 45729 | CQ20: 1 | CR20: 45729 | CS20: 45729 | CT20: 1 | CU20: 45729 | CV20: 45728 | CW20: 1 | CX20: 45728 | CY20: 45728 | CZ20: 1 | DA20: 45728 | DB20: =IF(MIN(CP20,CS20,CV20,CY20)=0,"",MIN(CP20,CS20,CV20,CY20)) -> 45728 | DC20: =+(CZ20+CW20+CT20+CQ20)/4 -> 1 | DD20: =IF(DC20=1,MAX(CR20,CU20,CX20,DA20),"") -> 45729 | DE20: 45743 | DF20: 1 | DG20: 45744 | DH20: 45743 | DI20: 1 | DJ20: 45744 | DK20: 45743 | DL20: 1 | DM20: 45744 | DN20: 45743 | DO20: 1 | DP20: 45744 | DQ20: =IF(MIN(DE20,DH20,DK20,DN20)=0,"",MIN(DE20,DH20,DK20,DN20)) -> 45743 | DR20: =+(DO20+DL20+DI20+DF20)/4 -> 1 | DS20: =IF(DR20=1,MAX(DG20,DJ20,DM20,DP20),"") -> 45744 | DT20: 45745 | DU20: 1 | DV20: 45745 | DW20: 45745 | DX20: 1 | DY20: 45745 | DZ20: 45745 | EA20: 1 | EB20: 45745 | EC20: 45745 | ED20: 1 | EE20: 45745 | EF20: =IF(MIN(DT20,DW20,DZ20,EC20)=0,"",MIN(DT20,DW20,DZ20,EC20)) -> 45745 | EG20: =+(ED20+EA20+DX20+DU20)/4 -> 1 | EH20: =IF(EG20=1,MAX(DV20,DY20,EB20,EE20),"") -> 45745 | EI20: 45745 | EJ20: 1 | EK20: =IF(EI20="","",EI20) -> 45745 | EL20: 45745 | EM20: 1 | EN20: =IF(EL20="","",EL20) -> 45745 | EO20: 45745 | EP20: 1 | EQ20: =IF(EO20="","",EO20) -> 45745 | ER20: 45745 | ES20: 1 | ET20: =IF(ER20="","",ER20) -> 45745 | EU20: =IF(MIN(EI20,EL20,EO20,ER20)=0,"",MIN(EI20,EL20,EO20,ER20)) -> 45745 | EV20: =+(ES20+EP20+EM20+EJ20)/4 -> 1 | EW20: =IF(EV20=1,MAX(EK20,EN20,EQ20,ET20),"") -> 45745 | EY20: 0 | FB20: 0 | FE20: 0 | FH20: 0 | FJ20: =IF(MIN(EX20,FA20,FD20,FG20)=0,"",MIN(EX20,FA20,FD20,FG20)) | FK20: 0 | FL20: =IF(FK20=1,MAX(EZ20,FC20,FF20,FI20),"") | FM20: 45750 | FN20: 1 | FO20: 45751 | FP20: 45750 | FQ20: 1 | FR20: 45751 | FS20: 45750 | FT20: 1 | FU20: 45751 | FV20: 45750 | FW20: 1 | FX20: 45751 | FY20: =IF(MIN(FM20,FP20,FS20,FV20)=0,"",MIN(FM20,FP20,FS20,FV20)) -> 45750 | FZ20: =((FW20+FT20+FQ20+FN20)/4) -> 1 | GA20: =IF(FZ20=1,MAX(FO20,FR20,FU20,FX20),"") -> 45751 | GB20: 45745 | GC20: 1 | GD20: =IF(GB20="","",GB20) -> 45745 | GE20: 45745 | GF20: 1 | GG20: =IF(GE20="","",GE20) -> 45745 | GH20: 45745 | GI20: 1 | GJ20: =IF(GH20="","",GH20) -> 45745 | GK20: 45745 | GL20: 1 | GM20: =IF(GK20="","",GK20) -> 45745 | GN20: =IF(MIN(GB20,GE20,GH20,GK20)=0,"",MIN(GB20,GE20,GH20,GK20)) -> 45745 | GO20: =+(GL20+GI20+GF20+GC20)/4 -> 1 | GP20: =IF(GO20=1,MAX(GD20,GG20,GJ20,GM20),"") -> 45745 | GQ20: =(BY20*$BY$7)+(CN20*$CN$7)+(DR20*$DR$7)+(EV20*$EV$7)+(FZ20*$FZ$7) -> 1 | GR20: =+IF(MIN(BX20,CM20,DB20,DQ20,EF20,EU20,FY20)=0,"",MIN(BX20,CM20,DB20,DQ20,EF20,EU20,FY20)) -> 45726 | GS20: =+IF(GQ20=1,MAX(BZ20,CO20,DD20,DS20,EH20,EW20,GA20,GP20),"") -> 45751 | GV20: 45905 | GW20: 1 | GX20: 45907 | GY20: 45905 | GZ20: 1 | HA20: 45907 | HB20: 45905 | HC20: 1 | HD20: 45907 | HE20: 45905 | HF20: 1 | HG20: 45907 | HH20: =IF(MIN(GV20,GY20,HB20,HE20)=0,"",MIN(GV20,GY20,HB20,HE20)) -> 45905 | HI20: =+(HF20+HC20+GZ20+GW20)/4 -> 1 | HJ20: =IF(HI20=1,MAX(GX20,HA20,HD20,HG20),"") -> 45907 | HK20: 0 | HL20: =+IF(MIN(BE20,BI20,GP20,HH20)=0,"",MIN(BE20,BI20,GP20,HH20)) -> 45679 | HM20: =+IF(HK20=1,MAX(BE20,BI20,GS20,HJ20),"") | HR20: 45797 | HS20: 1 | HT20: 45797 | HU20: 45797 | HV20: 1 | HW20: 45798 | HX20: 45798 | HY20: 1 | HZ20: 45800 | IA20: 45803 | IB20: 1 | IC20: 45803 | ID20: 45827 | IE20: 1 | IF20: 45828 | IG20: 45834 | IH20: 45834 | II20: 1 | IJ20: 45834 | IK20: 45834 | IL20: 1 | IM20: 45834 | IN20: =(HV20*$HV$7)+(HY20*$HY$7)+(IB20*$IB$7)+(IE20*$IE$7) -> 1 | IO20: =+IF(MIN(HR20,HU20,HX20,IA20,ID20,IK20)=0,"",MIN(HR20,HU20,HX20,IA20,ID20,IK20)) -> 45797 | IP20: =+IF(IN20=1,MAX(HT20,HW20,HZ20,IC20,IF20,IM20),"") -> 45834 | IS20: 241.46 | IT20: TEND 1 | IV20: 0 | IY20: 0 | JA20: 45842 | JB20: 1 | JC20: =IF(JA20="","",JA20) -> 45842 | JD20: =JF20*$IS20/1000 -> 0.24146 | JE20: 45845 | JF20: 1 | JG20: 45867 | JH20: =JJ20*$IS20/1000 -> 0.24146 | JI20: 45855 | JJ20: 1 | JK20: 45867 | JL20: =JN20*$IS20/1000 -> 0.24146 | JM20: 45870 | JN20: 1 | JO20: 45870 | JP20: =JR20*$IS20/1000 -> 0.24146 | JQ20: 45869 | JR20: 1 | JS20: 45869 | JT20: =JV20*$IS20/1000 -> 0.24146 | JU20: 45871 | JV20: 1 | JW20: 45871 | JX20: =JZ20*$IS20/1000 -> 0 | JZ20: 0 | KB20: =KD20*$IS20/1000 -> 0 | KD20: 0 | KF20: =KH20*$IS20/1000 -> 0 | KH20: 0 | KK20: 45896 | KL20: 1 | KM20: 45896 | KN20: 45894 | KO20: 1 | KP20: 45894 | KQ20: 45941 | KR20: 1 | KS20: 45942 | KT20: 0 | KU20: =KT20*$IS20/1000 -> 0 | KV20: =+IF(MIN(JA20,JE20,JI20,JM20,JQ20,JU20,KK20,KN20,KQ20)=0,"",MIN(JA20,JE20,JI20,JM20,JQ20,JU20,KK20,KN20,KQ20)) -> 45842 | KW20: =+IF(KT20=1,MAX(KP20,KM20,JW20,JS20,JO20,JK20,JG20,JC20,KS20),"") | KX20: 45856 | KY20: 1 | KZ20: =IF(KX20="","",KX20) -> 45856 | LA20: =LC20*$IS20/1000 -> 0.24146 | LB20: 45934 | LC20: 1 | LD20: =IF(LB20="","",LB20) -> 45934 | LE20: =LG20*$IS20/1000 -> 0.24146 | LF20: 45934 | LG20: 1 | LH20: =IF(LF20="","",LF20) -> 45934 | LI20: =LK20*$IS20/1000 -> 0.24146 | LJ20: 45934 | LK20: 1 | LL20: =IF(LJ20="","",LJ20) -> 45934 | LM20: 45951 | LN20: 1 | LO20: 45951 | LP20: 45951 | LQ20: 1 | LR20: 45951 | LT20: 0 | LV20: 0 | LW20: =LV20*$IS20/1000 -> 0 | LX20: =+IF(MIN(KX20,LB20,LF20,LJ20,LM20,LP20,LS20)=0,"",MIN(KX20,LB20,LF20,LJ20,LM20,LP20,LS20)) -> 45856 | LY20: =IF(LV20=1,MAX(LU20),"") | LZ20: 45842 | MA20: 1 | MB20: =IF(LZ20="","",LZ20) -> 45842 | MC20: =ME20*$IS20/1000 -> 0.24146 | MD20: 45927 | ME20: 1 | MF20: =IF(MD20="","",MD20) -> 45927 | MG20: =MI20*$IS20/1000 -> 0.24146 | MH20: 45936 | MI20: 1 | MJ20: =IF(MH20="","",MH20) -> 45936 | MK20: =MM20*$IS20/1000 -> 0.24146 | ML20: 45936 | MM20: 1 | MN20: =IF(ML20="","",ML20) -> 45936 | MO20: 45951 | MP20: 1 | MQ20: 45951 | MR20: 45951 | MS20: 1 | MT20: 45951 | MV20: 0 | MX20: 0 | MY20: =MX20*$IS20/1000 -> 0 | MZ20: =+IF(MIN(LZ20,MD20,MH20,ML20,MO20,MR20,MU20)=0,"",MIN(LZ20,MD20,MH20,ML20,MO20,MR20,MU20)) -> 45842 | NA20: =IF(MX20=1,MAX(MW20),"") | NB20: 0 | NC20: =NB20*$IS20/1000 -> 0 | ND20: =+IF(MIN(MZ20,LX20,KV20,IU20)=0,"",MIN(MZ20,LX20,KV20,IU20)) -> 45842 | NE20: =+IF(IN20=1,MAX(IW20,KW20,LY20,NA20),"") -> 0 | NI20: 0 | NM20: 0 | NN20: =NM20*$IS20/1000 -> 0 | NQ20: 0 | NR20: =NQ20*$IS20/1000 -> 0 | NU20: 0 | NV20: =NU20*$IS20/1000 -> 0 | NX20: =IF(NU20=1,MAX(NT20),"") | NZ20: 0 | OC20: 0 | OF20: 0 | OI20: 1 | OL20: 0.5 | OO20: 1 | OR20: =PD20 -> 0 | OU20: 0 | OX20: 0 | OZ20: 45724 | PA20: 1 | PB20: =OZ20 -> 45724 | PC20: N/A | PD20: 0 | PG20: 0 | PI20: 45727 | PJ20: 1 | PK20: ='Seg Diario'!HJ20 -> 45907 | PL20: =PI20 -> 45727 | PM20: =PJ20 -> 1 | PN20: =PK20 -> 45907 | PO20: 0.045 | PP20: =+IF(MIN(OH20,OK20,ON20,OQ20,OT20,OW20,OZ20,PC20,PI20,PL20)=0,"",MIN(OH20,OK20,ON20,OQ20,OT20,OW20,OZ20,PC20,PI20,PL20)) -> 45724 | PQ20: =+IF(PO20=1,MAX(OJ20,OM20,OP20,OS20,OV20,OY20,PB20,PE20,PK20,PN20),"") | PT20: 45491 | PU20: 1 | PV20: 45491 | PW20: 45527 | PX20: 1 | PY20: 45527 | QA20: 0 | QD20: 0.5 | QF20: 0.93745 | QG20: =+IF(MIN(PT20,PW20,PZ20,QC20)=0,"",MIN(PT20,PW20,PZ20,QC20)) -> 45491 | QH20: =+IF(QF20=1,MAX(PV20,PY20,QB20,QE20),"") | QL20: =(JN20+JR20+JV20+JZ20+KD20+KH20)/3 -> 1 | QN20: =(JN20+JR20+JV20)/3 -> 1 | QO20: 45890 | QP20: 1 | QQ20: 45890 | QR20: 45911 | QS20: 1 | QT20: 45911
A21: =1+A20 -> #VALUE! | B21: T009 | D21: HE | E21: B4 | F21: 8247.84 | G21: INST | H21: HG | I21: CXT | O21: Z | P21: Z | Q21: Z | R21: Z | S21: HELICOIDALES | AG21: =AD21/$AG$8 -> 0 | AH21: =AE21/$AH$8 -> 0 | AI21: =AF21/$AI$8 -> 0 | AM21: =AJ21/$AM$8 -> 0 | AN21: =AK21/$AN$8 -> 0 | AO21: =AL21/$AO$8 -> 0 | AS21: =IFERROR(AP21/$AS$8,0) -> 0 | AT21: =IFERROR(AQ21/$AT$8,0) -> 0 | AU21: =IFERROR(AR21/$AU$8,0) -> 0 | AW21: SI | AX21: =BY21 -> 1 | AY21: NO | AZ21: CAMBIO ANLA | BA21: 45482 | BB21: =PU21 -> 1 | BC21: =QI21 -> 0 | BD21: =QJ21 -> 0 | BE21: 45694 | BF21: =IF(BE21<>"",1,) -> 1 | BG21: 45707 | BH21: =IF(BG21<>"",1,) -> 1 | BI21: =BL21 -> 45710 | BJ21: 0 | BK21: =EW21 -> 45730 | BL21: 45710 | BM21: 1 | BN21: 45712 | BO21: 45710 | BP21: 1 | BQ21: 45712 | BR21: 45710 | BS21: 1 | BT21: 45712 | BU21: 45710 | BV21: 1 | BW21: 45712 | BX21: =IF(MIN(BL21,BO21,BR21,BU21)=0,"",MIN(BL21,BO21,BR21,BU21)) -> 45710 | BY21: =+(BV21+BS21+BP21+BM21)/4 -> 1 | BZ21: =IF(BY21=1,MAX(BN21,BQ21,BT21,BW21),"") -> 45712 | CA21: 45719 | CB21: 1 | CC21: =IF(CA21="","",CA21) -> 45719 | CD21: 45719 | CE21: 1 | CF21: =IF(CD21="","",CD21) -> 45719 | CG21: 45719 | CH21: 1 | CI21: =IF(CG21="","",CG21) -> 45719 | CJ21: 45719 | CK21: 1 | CL21: =IF(CJ21="","",CJ21) -> 45719 | CM21: =IF(MIN(CA21,CD21,CG21,CJ21)=0,"",MIN(CA21,CD21,CG21,CJ21)) -> 45719 | CN21: =+(CK21+CH21+CE21+CB21)/4 -> 1 | CO21: =IF(CN21=1,MAX(CC21,CF21,CI21,CL21),"") -> 45719 | CP21: 45712 | CQ21: 1 | CR21: 45712 | CS21: 45712 | CT21: 1 | CU21: 45712 | CV21: 45712 | CW21: 1 | CX21: 45712 | CY21: 45712 | CZ21: 1 | DA21: 45712 | DB21: =IF(MIN(CP21,CS21,CV21,CY21)=0,"",MIN(CP21,CS21,CV21,CY21)) -> 45712 | DC21: =+(CZ21+CW21+CT21+CQ21)/4 -> 1 | DD21: =IF(DC21=1,MAX(CR21,CU21,CX21,DA21),"") -> 45712 | DE21: 45727 | DF21: 1 | DG21: 45729 | DH21: 45727 | DI21: 1 | DJ21: 45728 | DK21: 45727 | DL21: 1 | DM21: 45729 | DN21: 45727 | DO21: 1 | DP21: 45729 | DQ21: =IF(MIN(DE21,DH21,DK21,DN21)=0,"",MIN(DE21,DH21,DK21,DN21)) -> 45727 | DR21: =+(DO21+DL21+DI21+DF21)/4 -> 1 | DS21: =IF(DR21=1,MAX(DG21,DJ21,DM21,DP21),"") -> 45729 | DT21: 45729 | DU21: 1 | DV21: 45730 | DW21: 45729 | DX21: 1 | DY21: 45730 | DZ21: 45729 | EA21: 1 | EB21: 45730 | EC21: 45729 | ED21: 1 | EE21: 45730 | EF21: =IF(MIN(DT21,DW21,DZ21,EC21)=0,"",MIN(DT21,DW21,DZ21,EC21)) -> 45729 | EG21: =+(ED21+EA21+DX21+DU21)/4 -> 1 | EH21: =IF(EG21=1,MAX(DV21,DY21,EB21,EE21),"") -> 45730 | EI21: 45730 | EJ21: 1 | EK21: =IF(EI21="","",EI21) -> 45730 | EL21: 45730 | EM21: 1 | EN21: =IF(EL21="","",EL21) -> 45730 | EO21: 45730 | EP21: 1 | EQ21: =IF(EO21="","",EO21) -> 45730 | ER21: 45730 | ES21: 1 | ET21: =IF(ER21="","",ER21) -> 45730 | EU21: =IF(MIN(EI21,EL21,EO21,ER21)=0,"",MIN(EI21,EL21,EO21,ER21)) -> 45730 | EV21: =+(ES21+EP21+EM21+EJ21)/4 -> 1 | EW21: =IF(EV21=1,MAX(EK21,EN21,EQ21,ET21),"") -> 45730 | EY21: 0 | FB21: 0 | FE21: 0 | FH21: 0 | FJ21: =IF(MIN(EX21,FA21,FD21,FG21)=0,"",MIN(EX21,FA21,FD21,FG21)) | FK21: 0 | FL21: =IF(FK21=1,MAX(EZ21,FC21,FF21,FI21),"") | FM21: 45735 | FN21: 1 | FO21: 45735 | FP21: 45735 | FQ21: 1 | FR21: 45735 | FS21: 45735 | FT21: 1 | FU21: 45735 | FV21: 45735 | FW21: 1 | FX21: 45735 | FY21: =IF(MIN(FM21,FP21,FS21,FV21)=0,"",MIN(FM21,FP21,FS21,FV21)) -> 45735 | FZ21: =((FW21+FT21+FQ21+FN21)/4) -> 1 | GA21: =IF(FZ21=1,MAX(FO21,FR21,FU21,FX21),"") -> 45735 | GB21: 45730 | GC21: 1 | GD21: =IF(GB21="","",GB21) -> 45730 | GE21: 45730 | GF21: 1 | GG21: =IF(GE21="","",GE21) -> 45730 | GH21: 45730 | GI21: 1 | GJ21: =IF(GH21="","",GH21) -> 45730 | GK21: 45730 | GL21: 1 | GM21: =IF(GK21="","",GK21) -> 45730 | GN21: =IF(MIN(GB21,GE21,GH21,GK21)=0,"",MIN(GB21,GE21,GH21,GK21)) -> 45730 | GO21: =+(GL21+GI21+GF21+GC21)/4 -> 1 | GP21: =IF(GO21=1,MAX(GD21,GG21,GJ21,GM21),"") -> 45730 | GQ21: =(BY21*$BY$7)+(CN21*$CN$7)+(DR21*$DR$7)+(EV21*$EV$7)+(FZ21*$FZ$7) -> 1 | GR21: =+IF(MIN(BX21,CM21,DB21,DQ21,EF21,EU21,FY21)=0,"",MIN(BX21,CM21,DB21,DQ21,EF21,EU21,FY21)) -> 45710 | GS21: =+IF(GQ21=1,MAX(BZ21,CO21,DD21,DS21,EH21,EW21,GA21,GP21),"") -> 45735 | GV21: 45911 | GW21: 1 | GX21: 45916 | GY21: 45911 | GZ21: 1 | HA21: 45916 | HB21: 45911 | HC21: 1 | HD21: 45916 | HE21: 45911 | HF21: 1 | HG21: 45916 | HH21: =IF(MIN(GV21,GY21,HB21,HE21)=0,"",MIN(GV21,GY21,HB21,HE21)) -> 45911 | HI21: =+(HF21+HC21+GZ21+GW21)/4 -> 1 | HJ21: =IF(HI21=1,MAX(GX21,HA21,HD21,HG21),"") -> 45916 | HK21: 0 | HL21: =+IF(MIN(BE21,BI21,GP21,HH21)=0,"",MIN(BE21,BI21,GP21,HH21)) -> 45694 | HM21: =+IF(HK21=1,MAX(BE21,BI21,GS21,HJ21),"") | HR21: 45797 | HS21: 1 | HT21: 45798 | HU21: 45813 | HV21: 1 | HW21: 45813 | HX21: 45813 | HY21: 1 | HZ21: 45814 | IA21: 45828 | IB21: 1 | IC21: 45828 | ID21: 45828 | IE21: 1 | IF21: 45839 | IG21: 45830 | IH21: 45839 | II21: 1 | IJ21: 45839 | IK21: 45839 | IL21: 1 | IM21: 45839 | IN21: =(HV21*$HV$7)+(HY21*$HY$7)+(IB21*$IB$7)+(IE21*$IE$7) -> 1 | IO21: =+IF(MIN(HR21,HU21,HX21,IA21,ID21,IK21)=0,"",MIN(HR21,HU21,HX21,IA21,ID21,IK21)) -> 45797 | IP21: =+IF(IN21=1,MAX(HT21,HW21,HZ21,IC21,IF21,IM21),"") -> 45839 | IS21: 242.94 | IT21: TEND 1 | IV21: 0 | IY21: 0 | JA21: 45842 | JB21: 1 | JC21: =IF(JA21="","",JA21) -> 45842 | JD21: =JF21*$IS21/1000 -> 0.24294 | JE21: 45845 | JF21: 1 | JG21: 45867 | JH21: =JJ21*$IS21/1000 -> 0.24294 | JI21: 45855 | JJ21: 1 | JK21: 45867 | JL21: =JN21*$IS21/1000 -> 0.24294 | JM21: 45870 | JN21: 1 | JO21: 45870 | JP21: =JR21*$IS21/1000 -> 0.24294 | JQ21: 45869 | JR21: 1 | JS21: 45869 | JT21: =JV21*$IS21/1000 -> 0.24294 | JU21: 45871 | JV21: 1 | JW21: 45871 | JX21: =JZ21*$IS21/1000 -> 0 | JZ21: 0 | KB21: =KD21*$IS21/1000 -> 0 | KD21: 0 | KF21: =KH21*$IS21/1000 -> 0 | KH21: 0 | KK21: 45897 | KL21: 1 | KM21: 45897 | KN21: 45894 | KO21: 1 | KP21: 45894 | KQ21: 45942 | KR21: 1 | KS21: 45942 | KT21: 0 | KU21: =KT21*$IS21/1000 -> 0 | KV21: =+IF(MIN(JA21,JE21,JI21,JM21,JQ21,JU21,KK21,KN21,KQ21)=0,"",MIN(JA21,JE21,JI21,JM21,JQ21,JU21,KK21,KN21,KQ21)) -> 45842 | KW21: =+IF(KT21=1,MAX(KP21,KM21,JW21,JS21,JO21,JK21,JG21,JC21,KS21),"") | KX21: 45856 | KY21: 1 | KZ21: =IF(KX21="","",KX21) -> 45856 | LA21: =LC21*$IS21/1000 -> 0.24294 | LB21: 45934 | LC21: 1 | LD21: =IF(LB21="","",LB21) -> 45934 | LE21: =LG21*$IS21/1000 -> 0.24294 | LF21: 45934 | LG21: 1 | LH21: =IF(LF21="","",LF21) -> 45934 | LI21: =LK21*$IS21/1000 -> 0.24294 | LJ21: 45934 | LK21: 1 | LL21: =IF(LJ21="","",LJ21) -> 45934 | LM21: 45951 | LN21: 1 | LO21: 45951 | LQ21: 0 | LT21: 0 | LV21: 0 | LW21: =LV21*$IS21/1000 -> 0 | LX21: =+IF(MIN(KX21,LB21,LF21,LJ21,LM21,LP21,LS21)=0,"",MIN(KX21,LB21,LF21,LJ21,LM21,LP21,LS21)) -> 45856 | LY21: =IF(LV21=1,MAX(LU21),"") | LZ21: 45842 | MA21: 1 | MB21: =IF(LZ21="","",LZ21) -> 45842 | MC21: =ME21*$IS21/1000 -> 0.24294 | MD21: 45927 | ME21: 1 | MF21: =IF(MD21="","",MD21) -> 45927 | MG21: =MI21*$IS21/1000 -> 0.24294 | MH21: 45936 | MI21: 1 | MJ21: =IF(MH21="","",MH21) -> 45936 | MK21: =MM21*$IS21/1000 -> 0.24294 | ML21: 45936 | MM21: 1 | MN21: =IF(ML21="","",ML21) -> 45936 | MO21: 45951 | MP21: 1 | MQ21: 45951 | MS21: 0 | MV21: 0 | MX21: 0 | MY21: =MX21*$IS21/1000 -> 0 | MZ21: =+IF(MIN(LZ21,MD21,MH21,ML21,MO21,MR21,MU21)=0,"",MIN(LZ21,MD21,MH21,ML21,MO21,MR21,MU21)) -> 45842 | NA21: =IF(MX21=1,MAX(MW21),"") | NB21: 0 | NC21: =NB21*$IS21/1000 -> 0 | ND21: =+IF(MIN(MZ21,LX21,KV21,IU21)=0,"",MIN(MZ21,LX21,KV21,IU21)) -> 45842 | NE21: =+IF(IN21=1,MAX(IW21,KW21,LY21,NA21),"") -> 0 | NI21: 0 | NM21: 0 | NN21: =NM21*$IS21/1000 -> 0 | NQ21: 0 | NR21: =NQ21*$IS21/1000 -> 0 | NU21: 0 | NV21: =NU21*$IS21/1000 -> 0 | NX21: =IF(NU21=1,MAX(NT21),"") | NZ21: 0 | OC21: 0 | OF21: 0 | OI21: 1 | OL21: 0.5 | OO21: 1 | OR21: =PD21 -> 1 | OU21: 0 | OX21: 0 | OZ21: 45698 | PA21: 1 | PB21: =OZ21 -> 45698 | PC21: 45708 | PD21: 1 | PE21: 45708 | PG21: 0 | PI21: 45710 | PJ21: 1 | PK21: ='Seg Diario'!HJ21 -> 45916 | PL21: =PI21 -> 45710 | PM21: =PJ21 -> 1 | PN21: =PK21 -> 45916 | PO21: 0.045 | PP21: =+IF(MIN(OH21,OK21,ON21,OQ21,OT21,OW21,OZ21,PC21,PI21,PL21)=0,"",MIN(OH21,OK21,ON21,OQ21,OT21,OW21,OZ21,PC21,PI21,PL21)) -> 45698 | PQ21: =+IF(PO21=1,MAX(OJ21,OM21,OP21,OS21,OV21,OY21,PB21,PE21,PK21,PN21),"") | PT21: 45482 | PU21: 1 | PV21: 45482 | PW21: 45527 | PX21: 1 | PY21: 45527 | QA21: 0 | QD21: 0.5 | QF21: 0.93745 | QG21: =+IF(MIN(PT21,PW21,PZ21,QC21)=0,"",MIN(PT21,PW21,PZ21,QC21)) -> 45482 | QH21: =+IF(QF21=1,MAX(PV21,PY21,QB21,QE21),"") | QL21: =(JN21+JR21+JV21+JZ21+KD21+KH21)/3 -> 1 | QN21: =(JN21+JR21+JV21)/3 -> 1 | QO21: 45891 | QP21: 1 | QQ21: 45893 | QR21: 45911 | QS21: 1 | QT21: 45911
A22: =1+A21 -> #VALUE! | B22: T010 | D22: HE | E22: B3 | F22: 7003.34 | G22: INST | H22: HG | I22: CXT | O22: Z | P22: Z | Q22: Z | R22: Z | S22: HELICOIDALES | AG22: =AD22/$AG$8 -> 0 | AH22: =AE22/$AH$8 -> 0 | AI22: =AF22/$AI$8 -> 0 | AM22: =AJ22/$AM$8 -> 0 | AN22: =AK22/$AN$8 -> 0 | AO22: =AL22/$AO$8 -> 0 | AS22: =IFERROR(AP22/$AS$8,0) -> 0 | AT22: =IFERROR(AQ22/$AT$8,0) -> 0 | AU22: =IFERROR(AR22/$AU$8,0) -> 0 | AW22: SI | AX22: =BY22 -> 1 | AY22: NO | BA22: 45482 | BB22: =PU22 -> 1 | BC22: =QI22 -> 0 | BD22: =QJ22 -> 0 | BE22: 45685 | BF22: =IF(BE22<>"",1,) -> 1 | BG22: 45698 | BH22: =IF(BG22<>"",1,) -> 1 | BI22: =BL22 -> 45695 | BJ22: 0.05 | BK22: =EW22 -> 45735 | BL22: 45695 | BM22: 1 | BN22: 45695 | BO22: 45695 | BP22: 1 | BQ22: 45695 | BR22: 45695 | BS22: 1 | BT22: 45695 | BU22: 45695 | BV22: 1 | BW22: 45695 | BX22: =IF(MIN(BL22,BO22,BR22,BU22)=0,"",MIN(BL22,BO22,BR22,BU22)) -> 45695 | BY22: =+(BV22+BS22+BP22+BM22)/4 -> 1 | BZ22: =IF(BY22=1,MAX(BN22,BQ22,BT22,BW22),"") -> 45695 | CA22: 45716 | CB22: 1 | CC22: =IF(CA22="","",CA22) -> 45716 | CD22: 45716 | CE22: 1 | CF22: =IF(CD22="","",CD22) -> 45716 | CG22: 45716 | CH22: 1 | CI22: =IF(CG22="","",CG22) -> 45716 | CJ22: 45716 | CK22: 1 | CL22: =IF(CJ22="","",CJ22) -> 45716 | CM22: =IF(MIN(CA22,CD22,CG22,CJ22)=0,"",MIN(CA22,CD22,CG22,CJ22)) -> 45716 | CN22: =+(CK22+CH22+CE22+CB22)/4 -> 1 | CO22: =IF(CN22=1,MAX(CC22,CF22,CI22,CL22),"") -> 45716 | CP22: 45699 | CQ22: 1 | CR22: 45700 | CS22: 45700 | CT22: 1 | CU22: 45700 | CV22: 45700 | CW22: 1 | CX22: 45700 | CY22: 45700 | CZ22: 1 | DA22: 45700 | DB22: =IF(MIN(CP22,CS22,CV22,CY22)=0,"",MIN(CP22,CS22,CV22,CY22)) -> 45699 | DC22: =+(CZ22+CW22+CT22+CQ22)/4 -> 1 | DD22: =IF(DC22=1,MAX(CR22,CU22,CX22,DA22),"") -> 45700 | DE22: 45732 | DF22: 1 | DG22: 45734 | DH22: 45732 | DI22: 1 | DJ22: 45734 | DK22: 45732 | DL22: 1 | DM22: 45734 | DN22: 45732 | DO22: 1 | DP22: 45734 | DQ22: =IF(MIN(DE22,DH22,DK22,DN22)=0,"",MIN(DE22,DH22,DK22,DN22)) -> 45732 | DR22: =+(DO22+DL22+DI22+DF22)/4 -> 1 | DS22: =IF(DR22=1,MAX(DG22,DJ22,DM22,DP22),"") -> 45734 | DT22: 45733 | DU22: 1 | DV22: 45734 | DW22: 45733 | DX22: 1 | DY22: 45734 | DZ22: 45733 | EA22: 1 | EB22: 45734 | EC22: 45733 | ED22: 1 | EE22: 45734 | EF22: =IF(MIN(DT22,DW22,DZ22,EC22)=0,"",MIN(DT22,DW22,DZ22,EC22)) -> 45733 | EG22: =+(ED22+EA22+DX22+DU22)/4 -> 1 | EH22: =IF(EG22=1,MAX(DV22,DY22,EB22,EE22),"") -> 45734 | EI22: 45734 | EJ22: 1 | EK22: =IF(EI22="","",EI22) -> 45734 | EL22: 45734 | EM22: 1 | EN22: =IF(EL22="","",EL22) -> 45734 | EO22: 45735 | EP22: 1 | EQ22: =IF(EO22="","",EO22) -> 45735 | ER22: 45734 | ES22: 1 | ET22: =IF(ER22="","",ER22) -> 45734 | EU22: =IF(MIN(EI22,EL22,EO22,ER22)=0,"",MIN(EI22,EL22,EO22,ER22)) -> 45734 | EV22: =+(ES22+EP22+EM22+EJ22)/4 -> 1 | EW22: =IF(EV22=1,MAX(EK22,EN22,EQ22,ET22),"") -> 45735 | EY22: 0 | FB22: 0 | FE22: 0 | FH22: 0 | FJ22: =IF(MIN(EX22,FA22,FD22,FG22)=0,"",MIN(EX22,FA22,FD22,FG22)) | FK22: 0 | FL22: =IF(FK22=1,MAX(EZ22,FC22,FF22,FI22),"") | FM22: 45740 | FN22: 1 | FO22: 45740 | FP22: 45740 | FQ22: 1 | FR22: 45740 | FS22: 45740 | FT22: 1 | FU22: 45740 | FV22: 45740 | FW22: 1 | FX22: 45740 | FY22: =IF(MIN(FM22,FP22,FS22,FV22)=0,"",MIN(FM22,FP22,FS22,FV22)) -> 45740 | FZ22: =((FW22+FT22+FQ22+FN22)/4) -> 1 | GA22: =IF(FZ22=1,MAX(FO22,FR22,FU22,FX22),"") -> 45740 | GB22: 45734 | GC22: 1 | GD22: =IF(GB22="","",GB22) -> 45734 | GE22: 45734 | GF22: 1 | GG22: =IF(GE22="","",GE22) -> 45734 | GH22: 45734 | GI22: 1 | GJ22: =IF(GH22="","",GH22) -> 45734 | GK22: 45734 | GL22: 1 | GM22: =IF(GK22="","",GK22) -> 45734 | GN22: =IF(MIN(GB22,GE22,GH22,GK22)=0,"",MIN(GB22,GE22,GH22,GK22)) -> 45734 | GO22: =+(GL22+GI22+GF22+GC22)/4 -> 1 | GP22: =IF(GO22=1,MAX(GD22,GG22,GJ22,GM22),"") -> 45734 | GQ22: =(BY22*$BY$7)+(CN22*$CN$7)+(DR22*$DR$7)+(EV22*$EV$7)+(FZ22*$FZ$7) -> 1 | GR22: =+IF(MIN(BX22,CM22,DB22,DQ22,EF22,EU22,FY22)=0,"",MIN(BX22,CM22,DB22,DQ22,EF22,EU22,FY22)) -> 45695 | GS22: =+IF(GQ22=1,MAX(BZ22,CO22,DD22,DS22,EH22,EW22,GA22,GP22),"") -> 45740 | GV22: 45906 | GW22: 1 | GX22: 45910 | GY22: 45906 | GZ22: 1 | HA22: 45910 | HB22: 45906 | HC22: 1 | HD22: 45910 | HE22: 45906 | HF22: 1 | HG22: 45910 | HH22: =IF(MIN(GV22,GY22,HB22,HE22)=0,"",MIN(GV22,GY22,HB22,HE22)) -> 45906 | HI22: =+(HF22+HC22+GZ22+GW22)/4 -> 1 | HJ22: =IF(HI22=1,MAX(GX22,HA22,HD22,HG22),"") -> 45910 | HK22: 0 | HL22: =+IF(MIN(BE22,BI22,GP22,HH22)=0,"",MIN(BE22,BI22,GP22,HH22)) -> 45685 | HM22: =+IF(HK22=1,MAX(BE22,BI22,GS22,HJ22),"") | HR22: 45808 | HS22: 1 | HT22: 45808 | HU22: 45813 | HV22: 1 | HW22: 45814 | HX22: 45814 | HY22: 1 | HZ22: 45829 | IA22: 45829 | IB22: 1 | IC22: 45829 | ID22: 45834 | IE22: 1 | IF22: 45834 | IG22: 45826 | IH22: 45839 | II22: 1 | IJ22: 45839 | IK22: 45839 | IL22: 1 | IM22: 45839 | IN22: =(HV22*$HV$7)+(HY22*$HY$7)+(IB22*$IB$7)+(IE22*$IE$7) -> 1 | IO22: =+IF(MIN(HR22,HU22,HX22,IA22,ID22,IK22)=0,"",MIN(HR22,HU22,HX22,IA22,ID22,IK22)) -> 45808 | IP22: =+IF(IN22=1,MAX(HT22,HW22,HZ22,IC22,IF22,IM22),"") -> 45839 | IS22: 264.01 | IT22: TEND 1 | IV22: 0 | IY22: 0 | JA22: 45842 | JB22: 1 | JC22: =IF(JA22="","",JA22) -> 45842 | JD22: =JF22*$IS22/1000 -> 0.26401 | JE22: 45845 | JF22: 1 | JG22: 45867 | JH22: =JJ22*$IS22/1000 -> 0.26401 | JI22: 45855 | JJ22: 1 | JK22: 45867 | JL22: =JN22*$IS22/1000 -> 0.26401 | JM22: 45870 | JN22: 1 | JO22: 45870 | JP22: =JR22*$IS22/1000 -> 0.26401 | JQ22: 45869 | JR22: 1 | JS22: 45869 | JT22: =JV22*$IS22/1000 -> 0.26401 | JU22: 45871 | JV22: 1 | JW22: 45871 | JX22: =JZ22*$IS22/1000 -> 0 | JZ22: 0 | KB22: =KD22*$IS22/1000 -> 0 | KD22: 0 | KF22: =KH22*$IS22/1000 -> 0 | KH22: 0 | KK22: 45897 | KL22: 1 | KM22: 45897 | KN22: 45890 | KO22: 1 | KP22: 45892 | KQ22: 45942 | KR22: 1 | KS22: 45942 | KT22: 0 | KU22: =KT22*$IS22/1000 -> 0 | KV22: =+IF(MIN(JA22,JE22,JI22,JM22,JQ22,JU22,KK22,KN22,KQ22)=0,"",MIN(JA22,JE22,JI22,JM22,JQ22,JU22,KK22,KN22,KQ22)) -> 45842 | KW22: =+IF(KT22=1,MAX(KP22,KM22,JW22,JS22,JO22,JK22,JG22,JC22,KS22),"") | KX22: 45856 | KY22: 1 | KZ22: =IF(KX22="","",KX22) -> 45856 | LA22: =LC22*$IS22/1000 -> 0.26401 | LB22: 45927 | LC22: 1 | LD22: =IF(LB22="","",LB22) -> 45927 | LE22: =LG22*$IS22/1000 -> 0.26401 | LF22: 45861 | LG22: 1 | LH22: =IF(LF22="","",LF22) -> 45861 | LI22: =LK22*$IS22/1000 -> 0.26401 | LJ22: 45862 | LK22: 1 | LL22: 45862 | LM22: 45951 | LN22: 1 | LO22: 45951 | LP22: 45952 | LQ22: 1 | LR22: 45952 | LS22: 45947 | LT22: 1 | LV22: 0 | LW22: =LV22*$IS22/1000 -> 0 | LX22: =+IF(MIN(KX22,LB22,LF22,LJ22,LM22,LP22,LS22)=0,"",MIN(KX22,LB22,LF22,LJ22,LM22,LP22,LS22)) -> 45856 | LY22: =IF(LV22=1,MAX(LU22),"") | LZ22: 45842 | MA22: 1 | MB22: =IF(LZ22="","",LZ22) -> 45842 | MC22: =ME22*$IS22/1000 -> 0.26401 | MD22: 45927 | ME22: 1 | MF22: =IF(MD22="","",MD22) -> 45927 | MG22: =MI22*$IS22/1000 -> 0.26401 | MH22: 45854 | MI22: 1 | MJ22: 45854 | MK22: =MM22*$IS22/1000 -> 0.26401 | ML22: 45860 | MM22: 1 | MN22: =IF(ML22="","",ML22) -> 45860 | MO22: 45951 | MP22: 1 | MQ22: 45951 | MR22: 45952 | MS22: 1 | MT22: 45952 | MU22: 45947 | MV22: 1 | MX22: 0 | MY22: =MX22*$IS22/1000 -> 0 | MZ22: =+IF(MIN(LZ22,MD22,MH22,ML22,MO22,MR22,MU22)=0,"",MIN(LZ22,MD22,MH22,ML22,MO22,MR22,MU22)) -> 45842 | NA22: =IF(MX22=1,MAX(MW22),"") | NB22: 0 | NC22: =NB22*$IS22/1000 -> 0 | ND22: =+IF(MIN(MZ22,LX22,KV22,IU22)=0,"",MIN(MZ22,LX22,KV22,IU22)) -> 45842 | NE22: =+IF(IN22=1,MAX(IW22,KW22,LY22,NA22),"") -> 0 | NI22: 0 | NM22: 0 | NN22: =NM22*$IS22/1000 -> 0 | NQ22: 0 | NR22: =NQ22*$IS22/1000 -> 0 | NU22: 0 | NV22: =NU22*$IS22/1000 -> 0 | NX22: =IF(NU22=1,MAX(NT22),"") | NZ22: 0 | OC22: 0 | OF22: 0 | OI22: 1 | OL22: 0.5 | OO22: 1 | OR22: =PD22 -> 0 | OU22: 0 | OX22: 0 | OZ22: 45698 | PA22: 1 | PB22: =OZ22 -> 45698 | PC22: N/A | PD22: 0 | PG22: 0 | PI22: 45695 | PJ22: 1 | PK22: 45909 | PL22: =PI22 -> 45695 | PM22: =PJ22 -> 1 | PN22: =PK22 -> 45909 | PO22: 0.045 | PP22: =+IF(MIN(OH22,OK22,ON22,OQ22,OT22,OW22,OZ22,PC22,PI22,PL22)=0,"",MIN(OH22,OK22,ON22,OQ22,OT22,OW22,OZ22,PC22,PI22,PL22)) -> 45695 | PQ22: =+IF(PO22=1,MAX(OJ22,OM22,OP22,OS22,OV22,OY22,PB22,PE22,PK22,PN22),"") | PT22: 45482 | PU22: 1 | PV22: 45482 | PW22: 45527 | PX22: 1 | PY22: 45527 | QA22: 0 | QD22: 0.5 | QF22: 0.93745 | QG22: =+IF(MIN(PT22,PW22,PZ22,QC22)=0,"",MIN(PT22,PW22,PZ22,QC22)) -> 45482 | QH22: =+IF(QF22=1,MAX(PV22,PY22,QB22,QE22),"") | QL22: =(JN22+JR22+JV22+JZ22+KD22+KH22)/3 -> 1 | QN22: =(JN22+JR22+JV22)/3 -> 1 | QO22: 45891 | QP22: 1 | QQ22: 45893 | QR22: 45911 | QS22: 1 | QT22: 45911
A23: =1+A22 -> #VALUE! | B23: T011 | D23: Z | E23: C7 | F23: 13519.26 | H23: HG | I23: CXT | N23: MULAR | O23: Z | P23: Z | Q23: Z | R23: Z | S23: ZAPATA | AG23: =AD23/$AG$8 -> 0 | AH23: =AE23/$AH$8 -> 0 | AI23: =AF23/$AI$8 -> 0 | AM23: =AJ23/$AM$8 -> 0 | AN23: =AK23/$AN$8 -> 0 | AO23: =AL23/$AO$8 -> 0 | AS23: =IFERROR(AP23/$AS$8,0) -> 0 | AT23: =IFERROR(AQ23/$AT$8,0) -> 0 | AU23: =IFERROR(AR23/$AU$8,0) -> 0 | AW23: SI | AX23: 1 | AY23: NO | AZ23: TECNICA | BA23: 45482 | BB23: =PU23 -> 1 | BC23: =QI23 -> 0 | BD23: =QJ23 -> 0 | BE23: 45685 | BF23: =IF(BE23<>"",1,) -> 1 | BG23: 45754 | BH23: =IF(BG23<>"",1,) -> 1 | BI23: =BL23 -> 45774 | BJ23: 0 | BK23: =EW23 -> 45785 | BL23: 45774 | BM23: 1 | BN23: 45775 | BO23: 45774 | BP23: 1 | BQ23: 45775 | BR23: 45774 | BS23: 1 | BT23: 45775 | BU23: 45774 | BV23: 1 | BW23: 45775 | BX23: =IF(MIN(BL23,BO23,BR23,BU23)=0,"",MIN(BL23,BO23,BR23,BU23)) -> 45774 | BY23: =+(BV23+BS23+BP23+BM23)/4 -> 1 | BZ23: =IF(BY23=1,MAX(BN23,BQ23,BT23,BW23),"") -> 45775 | CA23: 45776 | CB23: 1 | CC23: =IF(CA23="","",CA23) -> 45776 | CD23: 45775 | CE23: 1 | CF23: =IF(CD23="","",CD23) -> 45775 | CG23: 45775 | CH23: 1 | CI23: =IF(CG23="","",CG23) -> 45775 | CJ23: 45776 | CK23: 1 | CL23: =IF(CJ23="","",CJ23) -> 45776 | CM23: =IF(MIN(CA23,CD23,CG23,CJ23)=0,"",MIN(CA23,CD23,CG23,CJ23)) -> 45775 | CN23: =+(CK23+CH23+CE23+CB23)/4 -> 1 | CO23: =IF(CN23=1,MAX(CC23,CF23,CI23,CL23),"") -> 45776 | CQ23: 0 | CT23: 0 | CW23: 0 | CZ23: 0 | DB23: =IF(MIN(CP23,CS23,CV23,CY23)=0,"",MIN(CP23,CS23,CV23,CY23)) | DC23: =+(CZ23+CW23+CT23+CQ23)/4 -> 0 | DD23: =IF(DC23=1,MAX(CR23,CU23,CX23,DA23),"") | DE23: 45779 | DF23: 1 | DG23: 45782 | DH23: 45779 | DI23: 1 | DJ23: 45782 | DK23: 45779 | DL23: 1 | DM23: 45782 | DN23: 45779 | DO23: 1 | DP23: 45782 | DQ23: =IF(MIN(DE23,DH23,DK23,DN23)=0,"",MIN(DE23,DH23,DK23,DN23)) -> 45779 | DR23: =+(DO23+DL23+DI23+DF23)/4 -> 1 | DS23: =IF(DR23=1,MAX(DG23,DJ23,DM23,DP23),"") -> 45782 | DT23: 45768 | DU23: 1 | DV23: 45782 | DW23: 45768 | DX23: 1 | DY23: 45782 | DZ23: 45768 | EA23: 1 | EB23: 45784 | EC23: 45768 | ED23: 1 | EE23: 45785 | EF23: =IF(MIN(DT23,DW23,DZ23,EC23)=0,"",MIN(DT23,DW23,DZ23,EC23)) -> 45768 | EG23: =+(ED23+EA23+DX23+DU23)/4 -> 1 | EH23: =IF(EG23=1,MAX(DV23,DY23,EB23,EE23),"") -> 45785 | EI23: 45782 | EJ23: 1 | EK23: =IF(EI23="","",EI23) -> 45782 | EL23: 45782 | EM23: 1 | EN23: =IF(EL23="","",EL23) -> 45782 | EO23: 45784 | EP23: 1 | EQ23: =IF(EO23="","",EO23) -> 45784 | ER23: 45785 | ES23: 1 | ET23: =IF(ER23="","",ER23) -> 45785 | EU23: =IF(MIN(EI23,EL23,EO23,ER23)=0,"",MIN(EI23,EL23,EO23,ER23)) -> 45782 | EV23: =+(ES23+EP23+EM23+EJ23)/4 -> 1 | EW23: =IF(EV23=1,MAX(EK23,EN23,EQ23,ET23),"") -> 45785 | EY23: 0 | FB23: 0 | FE23: 0 | FH23: 0 | FJ23: =IF(MIN(EX23,FA23,FD23,FG23)=0,"",MIN(EX23,FA23,FD23,FG23)) | FK23: 0 | FL23: =IF(FK23=1,MAX(EZ23,FC23,FF23,FI23),"") | FM23: 45785 | FN23: 1 | FO23: 45785 | FP23: 45785 | FQ23: 1 | FR23: 45785 | FS23: 45790 | FT23: 1 | FU23: 45790 | FV23: 45790 | FW23: 1 | FX23: 45790 | FY23: =IF(MIN(FM23,FP23,FS23,FV23)=0,"",MIN(FM23,FP23,FS23,FV23)) -> 45785 | FZ23: =((FW23+FT23+FQ23+FN23)/4) -> 1 | GA23: =IF(FZ23=1,MAX(FO23,FR23,FU23,FX23),"") -> 45790 | GB23: 45780 | GC23: 1 | GD23: =IF(GB23="","",GB23) -> 45780 | GE23: 45780 | GF23: 1 | GG23: =IF(GE23="","",GE23) -> 45780 | GH23: 45780 | GI23: 1 | GJ23: =IF(GH23="","",GH23) -> 45780 | GK23: 45780 | GL23: 1 | GM23: =IF(GK23="","",GK23) -> 45780 | GN23: =IF(MIN(GB23,GE23,GH23,GK23)=0,"",MIN(GB23,GE23,GH23,GK23)) -> 45780 | GO23: =+(GL23+GI23+GF23+GC23)/4 -> 1 | GP23: =IF(GO23=1,MAX(GD23,GG23,GJ23,GM23),"") -> 45780 | GQ23: =(BY23*$BY$7)+(CN23*$CN$7)+(DR23*$DR$7)+(EV23*$EV$7)+(FZ23*$FZ$7) -> 1 | GR23: =+IF(MIN(BX23,CM23,DB23,DQ23,EF23,EU23,FY23)=0,"",MIN(BX23,CM23,DB23,DQ23,EF23,EU23,FY23)) -> 45768 | GS23: =+IF(GQ23=1,MAX(BZ23,CO23,DD23,DS23,EH23,EW23,GA23,GP23),"") -> 45790 | GV23: 45899 | GW23: 1 | GX23: 45906 | GY23: 45899 | GZ23: 1 | HA23: 45906 | HB23: 45899 | HC23: 1 | HD23: 45906 | HE23: 45899 | HF23: 1 | HG23: 45906 | HH23: =IF(MIN(GV23,GY23,HB23,HE23)=0,"",MIN(GV23,GY23,HB23,HE23)) -> 45899 | HI23: =+(HF23+HC23+GZ23+GW23)/4 -> 1 | HJ23: =IF(HI23=1,MAX(GX23,HA23,HD23,HG23),"") -> 45906 | HK23: 0 | HL23: =+IF(MIN(BE23,BI23,GP23,HH23)=0,"",MIN(BE23,BI23,GP23,HH23)) -> 45685 | HM23: =+IF(HK23=1,MAX(BE23,BI23,GS23,HJ23),"") | HR23: 45808 | HS23: 1 | HT23: 45808 | HU23: 45825 | HV23: 1 | HW23: 45827 | HX23: 45827 | HY23: 1 | HZ23: 45832 | IA23: 45831 | IB23: 1 | IC23: 45832 | ID23: 45834 | IE23: 1 | IF23: 45834 | IG23: 45827 | IH23: 45839 | II23: 1 | IJ23: 45839 | IK23: 45839 | IL23: 1 | IM23: 45839 | IN23: =(HV23*$HV$7)+(HY23*$HY$7)+(IB23*$IB$7)+(IE23*$IE$7) -> 1 | IO23: =+IF(MIN(HR23,HU23,HX23,IA23,ID23,IK23)=0,"",MIN(HR23,HU23,HX23,IA23,ID23,IK23)) -> 45808 | IP23: =+IF(IN23=1,MAX(HT23,HW23,HZ23,IC23,IF23,IM23),"") -> 45839 | IS23: 500.55 | IT23: TEND 1 | IV23: 0 | IY23: 0 | JA23: 45842 | JB23: 1 | JC23: =IF(JA23="","",JA23) -> 45842 | JD23: =JF23*$IS23/1000 -> 0.50055 | JE23: 45845 | JF23: 1 | JG23: 45867 | JH23: =JJ23*$IS23/1000 -> 0.50055 | JI23: 45855 | JJ23: 1 | JK23: 45867 | JL23: =JN23*$IS23/1000 -> 0.50055 | JM23: 45870 | JN23: 1 | JO23: 45870 | JP23: =JR23*$IS23/1000 -> 0.50055 | JQ23: 45869 | JR23: 1 | JS23: 45869 | JT23: =JV23*$IS23/1000 -> 0.50055 | JU23: 45871 | JV23: 1 | JW23: 45871 | JX23: =JZ23*$IS23/1000 -> 0 | JZ23: 0 | KB23: =KD23*$IS23/1000 -> 0 | KD23: 0 | KF23: =KH23*$IS23/1000 -> 0 | KH23: 0 | KK23: 45897 | KL23: 1 | KM23: 45897 | KN23: 45889 | KO23: 1 | KP23: 45889 | KQ23: 45946 | KR23: 1 | KS23: 45946 | KT23: 0 | KU23: =KT23*$IS23/1000 -> 0 | KV23: =+IF(MIN(JA23,JE23,JI23,JM23,JQ23,JU23,KK23,KN23,KQ23)=0,"",MIN(JA23,JE23,JI23,JM23,JQ23,JU23,KK23,KN23,KQ23)) -> 45842 | KW23: =+IF(KT23=1,MAX(KP23,KM23,JW23,JS23,JO23,JK23,JG23,JC23,KS23),"") | KX23: 45856 | KY23: 1 | KZ23: =IF(KX23="","",KX23) -> 45856 | LA23: =LC23*$IS23/1000 -> 0.50055 | LB23: 45927 | LC23: 1 | LD23: =IF(LB23="","",LB23) -> 45927 | LE23: =LG23*$IS23/1000 -> 0.50055 | LF23: 45861 | LG23: 1 | LH23: =IF(LF23="","",LF23) -> 45861 | LI23: =LK23*$IS23/1000 -> 0.50055 | LJ23: 45862 | LK23: 1 | LL23: 45862 | LM23: 45889 | LN23: 1 | LO23: 45889 | LP23: 45894 | LQ23: 1 | LR23: 45894 | LT23: 0 | LV23: 0 | LW23: =LV23*$IS23/1000 -> 0 | LX23: =+IF(MIN(KX23,LB23,LF23,LJ23,LM23,LP23,LS23)=0,"",MIN(KX23,LB23,LF23,LJ23,LM23,LP23,LS23)) -> 45856 | LY23: =IF(LV23=1,MAX(LU23),"") | LZ23: 45842 | MA23: 1 | MB23: =IF(LZ23="","",LZ23) -> 45842 | MC23: =ME23*$IS23/1000 -> 0.50055 | MD23: 45927 | ME23: 1 | MF23: =IF(MD23="","",MD23) -> 45927 | MG23: =MI23*$IS23/1000 -> 0.50055 | MH23: 45854 | MI23: 1 | MJ23: 45854 | MK23: =MM23*$IS23/1000 -> 0.50055 | ML23: 45860 | MM23: 1 | MN23: =IF(ML23="","",ML23) -> 45860 | MO23: 45889 | MP23: 1 | MQ23: 45889 | MR23: 45894 | MS23: 1 | MT23: 45894 | MV23: 0 | MX23: 0 | MY23: =MX23*$IS23/1000 -> 0 | MZ23: =+IF(MIN(LZ23,MD23,MH23,ML23,MO23,MR23,MU23)=0,"",MIN(LZ23,MD23,MH23,ML23,MO23,MR23,MU23)) -> 45842 | NA23: =IF(MX23=1,MAX(MW23),"") | NB23: 0 | NC23: =NB23*$IS23/1000 -> 0 | ND23: =+IF(MIN(MZ23,LX23,KV23,IU23)=0,"",MIN(MZ23,LX23,KV23,IU23)) -> 45842 | NE23: =+IF(IN23=1,MAX(IW23,KW23,LY23,NA23),"") -> 0 | NI23: 0 | NM23: 0 | NN23: =NM23*$IS23/1000 -> 0 | NQ23: 0 | NR23: =NQ23*$IS23/1000 -> 0 | NU23: 0 | NV23: =NU23*$IS23/1000 -> 0 | NX23: =IF(NU23=1,MAX(NT23),"") | NZ23: 0 | OC23: 0 | OF23: 0 | OI23: 1 | OL23: 0.5 | OO23: 1 | OR23: =PD23 -> 0 | OU23: 0 | OX23: 0 | OZ23: 45773 | PA23: 1 | PB23: =OZ23 -> 45773 | PC23: N/A | PD23: 0 | PG23: 0 | PI23: 45774 | PJ23: 1 | PK23: ='Seg Diario'!HJ23 -> 45906 | PL23: =PI23 -> 45774 | PM23: =PJ23 -> 1 | PN23: =PK23 -> 45906 | PO23: 0.045 | PP23: =+IF(MIN(OH23,OK23,ON23,OQ23,OT23,OW23,OZ23,PC23,PI23,PL23)=0,"",MIN(OH23,OK23,ON23,OQ23,OT23,OW23,OZ23,PC23,PI23,PL23)) -> 45773 | PQ23: =+IF(PO23=1,MAX(OJ23,OM23,OP23,OS23,OV23,OY23,PB23,PE23,PK23,PN23),"") | PT23: 45482 | PU23: 1 | PV23: 45482 | PW23: 45527 | PX23: 1 | PY23: 45527 | QA23: 0 | QD23: 0.5 | QF23: 0.93745 | QG23: =+IF(MIN(PT23,PW23,PZ23,QC23)=0,"",MIN(PT23,PW23,PZ23,QC23)) -> 45482 | QH23: =+IF(QF23=1,MAX(PV23,PY23,QB23,QE23),"") | QL23: =(JN23+JR23+JV23+JZ23+KD23+KH23)/3 -> 1 | QN23: =(JN23+JR23+JV23)/3 -> 1 | QO23: 45891 | QP23: 1 | QQ23: 45893 | QR23: 45911 | QS23: 1 | QT23: 45911
A24: =1+A23 -> #VALUE! | B24: T012 | D24: Z | E24: B7 | F24: 12299.43 | H24: CRUZ | I24: CXT | O24: Z | P24: Z | Q24: Z | R24: Z | S24: ZAPATA | AG24: =AD24/$AG$8 -> 0 | AH24: =AE24/$AH$8 -> 0 | AI24: =AF24/$AI$8 -> 0 | AM24: =AJ24/$AM$8 -> 0 | AN24: =AK24/$AN$8 -> 0 | AO24: =AL24/$AO$8 -> 0 | AS24: =IFERROR(AP24/$AS$8,0) -> 0 | AT24: =IFERROR(AQ24/$AT$8,0) -> 0 | AU24: =IFERROR(AR24/$AU$8,0) -> 0 | AW24: SI | AX24: 1 | AY24: NO | AZ24: CAMBIO ANLA | BA24: 45482 | BB24: =PU24 -> 1 | BC24: =QI24 -> 0 | BD24: =QJ24 -> 0 | BE24: 45694 | BF24: =IF(BE24<>"",1,) -> 1 | BG24: 45707 | BH24: =IF(BG24<>"",1,) -> 1 | BI24: =BL24 -> 45793 | BJ24: 0 | BK24: =EW24 -> 45802 | BL24: 45793 | BM24: 1 | BN24: 45795 | BO24: 45793 | BP24: 1 | BQ24: 45795 | BR24: 45793 | BS24: 1 | BT24: 45795 | BU24: 45794 | BV24: 1 | BW24: 45795 | BX24: =IF(MIN(BL24,BO24,BR24,BU24)=0,"",MIN(BL24,BO24,BR24,BU24)) -> 45793 | BY24: =+(BV24+BS24+BP24+BM24)/4 -> 1 | BZ24: =IF(BY24=1,MAX(BN24,BQ24,BT24,BW24),"") -> 45795 | CA24: 45796 | CB24: 1 | CC24: =IF(CA24="","",CA24) -> 45796 | CD24: 45796 | CE24: 1 | CF24: =IF(CD24="","",CD24) -> 45796 | CG24: 45796 | CH24: 1 | CI24: =IF(CG24="","",CG24) -> 45796 | CJ24: 45796 | CK24: 1 | CL24: =IF(CJ24="","",CJ24) -> 45796 | CM24: =IF(MIN(CA24,CD24,CG24,CJ24)=0,"",MIN(CA24,CD24,CG24,CJ24)) -> 45796 | CN24: =+(CK24+CH24+CE24+CB24)/4 -> 1 | CO24: =IF(CN24=1,MAX(CC24,CF24,CI24,CL24),"") -> 45796 | CQ24: 0 | CT24: 0 | CW24: 0 | CZ24: 0 | DB24: =IF(MIN(CP24,CS24,CV24,CY24)=0,"",MIN(CP24,CS24,CV24,CY24)) | DC24: =+(CZ24+CW24+CT24+CQ24)/4 -> 0 | DD24: =IF(DC24=1,MAX(CR24,CU24,CX24,DA24),"") | DE24: 45797 | DF24: 1 | DG24: 45801 | DH24: 45797 | DI24: 1 | DJ24: 45801 | DK24: 45801 | DL24: 1 | DM24: 45801 | DN24: 45801 | DO24: 1 | DP24: 45801 | DQ24: =IF(MIN(DE24,DH24,DK24,DN24)=0,"",MIN(DE24,DH24,DK24,DN24)) -> 45797 | DR24: =+(DO24+DL24+DI24+DF24)/4 -> 1 | DS24: =IF(DR24=1,MAX(DG24,DJ24,DM24,DP24),"") -> 45801 | DT24: 45795 | DU24: 1 | DV24: 45802 | DW24: 45796 | DX24: 1 | DY24: 45802 | DZ24: 45796 | EA24: 1 | EB24: 45802 | EC24: 45796 | ED24: 1 | EE24: 45802 | EF24: =IF(MIN(DT24,DW24,DZ24,EC24)=0,"",MIN(DT24,DW24,DZ24,EC24)) -> 45795 | EG24: =+(ED24+EA24+DX24+DU24)/4 -> 1 | EH24: =IF(EG24=1,MAX(DV24,DY24,EB24,EE24),"") -> 45802 | EI24: 45802 | EJ24: 1 | EK24: =IF(EI24="","",EI24) -> 45802 | EL24: 45802 | EM24: 1 | EN24: =IF(EL24="","",EL24) -> 45802 | EO24: 45802 | EP24: 1 | EQ24: =IF(EO24="","",EO24) -> 45802 | ER24: 45802 | ES24: 1 | ET24: =IF(ER24="","",ER24) -> 45802 | EU24: =IF(MIN(EI24,EL24,EO24,ER24)=0,"",MIN(EI24,EL24,EO24,ER24)) -> 45802 | EV24: =+(ES24+EP24+EM24+EJ24)/4 -> 1 | EW24: =IF(EV24=1,MAX(EK24,EN24,EQ24,ET24),"") -> 45802 | EY24: 0 | FB24: 0 | FE24: 0 | FH24: 0 | FJ24: =IF(MIN(EX24,FA24,FD24,FG24)=0,"",MIN(EX24,FA24,FD24,FG24)) | FK24: 0 | FL24: =IF(FK24=1,MAX(EZ24,FC24,FF24,FI24),"") | FM24: 45812 | FN24: 1 | FO24: 45812 | FP24: 45812 | FQ24: 1 | FR24: 45812 | FS24: 45813 | FT24: 1 | FU24: 45813 | FV24: 45812 | FW24: 1 | FX24: 45813 | FY24: =IF(MIN(FM24,FP24,FS24,FV24)=0,"",MIN(FM24,FP24,FS24,FV24)) -> 45812 | FZ24: =((FW24+FT24+FQ24+FN24)/4) -> 1 | GA24: =IF(FZ24=1,MAX(FO24,FR24,FU24,FX24),"") -> 45813 | GB24: 45801 | GC24: 1 | GD24: =IF(GB24="","",GB24) -> 45801 | GE24: 45801 | GF24: 1 | GG24: =IF(GE24="","",GE24) -> 45801 | GH24: 45801 | GI24: 1 | GJ24: =IF(GH24="","",GH24) -> 45801 | GK24: 45801 | GL24: 1 | GM24: =IF(GK24="","",GK24) -> 45801 | GN24: =IF(MIN(GB24,GE24,GH24,GK24)=0,"",MIN(GB24,GE24,GH24,GK24)) -> 45801 | GO24: =+(GL24+GI24+GF24+GC24)/4 -> 1 | GP24: =IF(GO24=1,MAX(GD24,GG24,GJ24,GM24),"") -> 45801 | GQ24: =(BY24*$BY$7)+(CN24*$CN$7)+(DR24*$DR$7)+(EV24*$EV$7)+(FZ24*$FZ$7) -> 1 | GR24: =+IF(MIN(BX24,CM24,DB24,DQ24,EF24,EU24,FY24)=0,"",MIN(BX24,CM24,DB24,DQ24,EF24,EU24,FY24)) -> 45793 | GS24: =+IF(GQ24=1,MAX(BZ24,CO24,DD24,DS24,EH24,EW24,GA24,GP24),"") -> 45813 | GV24: 45909 | GW24: 1 | GX24: 45911 | GY24: 45909 | GZ24: 1 | HA24: 45911 | HB24: 45909 | HC24: 1 | HD24: 45911 | HE24: 45909 | HF24: 1 | HG24: 45911 | HH24: =IF(MIN(GV24,GY24,HB24,HE24)=0,"",MIN(GV24,GY24,HB24,HE24)) -> 45909 | HI24: =+(HF24+HC24+GZ24+GW24)/4 -> 1 | HJ24: =IF(HI24=1,MAX(GX24,HA24,HD24,HG24),"") -> 45911 | HK24: 0 | HL24: =+IF(MIN(BE24,BI24,GP24,HH24)=0,"",MIN(BE24,BI24,GP24,HH24)) -> 45694 | HM24: =+IF(HK24=1,MAX(BE24,BI24,GS24,HJ24),"") | HR24: 45808 | HS24: 1 | HT24: 45808 | HU24: 45818 | HV24: 1 | HW24: 45818 | HX24: 45819 | HY24: 1 | HZ24: 45820 | IA24: 45825 | IB24: 1 | IC24: 45826 | ID24: 45826 | IE24: 1 | IF24: 45826 | IG24: 45826 | IH24: 45826 | II24: 1 | IJ24: 45826 | IK24: 45827 | IL24: 1 | IM24: 45827 | IN24: =(HV24*$HV$7)+(HY24*$HY$7)+(IB24*$IB$7)+(IE24*$IE$7) -> 1 | IO24: =+IF(MIN(HR24,HU24,HX24,IA24,ID24,IK24)=0,"",MIN(HR24,HU24,HX24,IA24,ID24,IK24)) -> 45808 | IP24: =+IF(IN24=1,MAX(HT24,HW24,HZ24,IC24,IF24,IM24),"") -> 45827 | IS24: 278.19 | IT24: TEND 1 | IV24: 0 | IY24: 0 | JA24: 45842 | JB24: 1 | JC24: =IF(JA24="","",JA24) -> 45842 | JD24: =JF24*$IS24/1000 -> 0.27819 | JE24: 45845 | JF24: 1 | JG24: 45864 | JH24: =JJ24*$IS24/1000 -> 0.27819 | JI24: 45855 | JJ24: 1 | JK24: 45867 | JL24: =JN24*$IS24/1000 -> 0.27819 | JM24: 45870 | JN24: 1 | JO24: 45870 | JP24: =JR24*$IS24/1000 -> 0.27819 | JQ24: 45869 | JR24: 1 | JS24: 45869 | JT24: =JV24*$IS24/1000 -> 0.27819 | JU24: 45871 | JV24: 1 | JW24: 45871 | JX24: =JZ24*$IS24/1000 -> 0 | JZ24: 0 | KB24: =KD24*$IS24/1000 -> 0 | KD24: 0 | KF24: =KH24*$IS24/1000 -> 0 | KH24: 0 | KK24: 45898 | KL24: 1 | KM24: 45898 | KN24: 45888 | KO24: 1 | KP24: 45888 | KQ24: 45946 | KR24: 1 | KS24: 45946 | KT24: 0 | KU24: =KT24*$IS24/1000 -> 0 | KV24: =+IF(MIN(JA24,JE24,JI24,JM24,JQ24,JU24,KK24,KN24,KQ24)=0,"",MIN(JA24,JE24,JI24,JM24,JQ24,JU24,KK24,KN24,KQ24)) -> 45842 | KW24: =+IF(KT24=1,MAX(KP24,KM24,JW24,JS24,JO24,JK24,JG24,JC24,KS24),"") | KX24: 45856 | KY24: 1 | KZ24: =IF(KX24="","",KX24) -> 45856 | LA24: =LC24*$IS24/1000 -> 0.27819 | LB24: 45927 | LC24: 1 | LD24: =IF(LB24="","",LB24) -> 45927 | LE24: =LG24*$IS24/1000 -> 0.27819 | LF24: 45861 | LG24: 1 | LH24: =IF(LF24="","",LF24) -> 45861 | LI24: =LK24*$IS24/1000 -> 0.27819 | LJ24: 45862 | LK24: 1 | LL24: 45862 | LM24: 45888 | LN24: 1 | LO24: 45888 | LQ24: 0 | LT24: 0 | LV24: 0 | LW24: =LV24*$IS24/1000 -> 0 | LX24: =+IF(MIN(KX24,LB24,LF24,LJ24,LM24,LP24,LS24)=0,"",MIN(KX24,LB24,LF24,LJ24,LM24,LP24,LS24)) -> 45856 | LY24: =IF(LV24=1,MAX(LU24),"") | LZ24: 45842 | MA24: 1 | MB24: =IF(LZ24="","",LZ24) -> 45842 | MC24: =ME24*$IS24/1000 -> 0.27819 | MD24: 45927 | ME24: 1 | MF24: =IF(MD24="","",MD24) -> 45927 | MG24: =MI24*$IS24/1000 -> 0.27819 | MH24: 45854 | MI24: 1 | MJ24: 45854 | MK24: =MM24*$IS24/1000 -> 0.27819 | ML24: 45860 | MM24: 1 | MN24: =IF(ML24="","",ML24) -> 45860 | MO24: 45888 | MP24: 1 | MQ24: 45888 | MS24: 0 | MV24: 0 | MX24: 0 | MY24: =MX24*$IS24/1000 -> 0 | MZ24: =+IF(MIN(LZ24,MD24,MH24,ML24,MO24,MR24,MU24)=0,"",MIN(LZ24,MD24,MH24,ML24,MO24,MR24,MU24)) -> 45842 | NA24: =IF(MX24=1,MAX(MW24),"") | NB24: 0 | NC24: =NB24*$IS24/1000 -> 0 | ND24: =+IF(MIN(MZ24,LX24,KV24,IU24)=0,"",MIN(MZ24,LX24,KV24,IU24)) -> 45842 | NE24: =+IF(IN24=1,MAX(IW24,KW24,LY24,NA24),"") -> 0 | NI24: 0 | NM24: 0 | NN24: =NM24*$IS24/1000 -> 0 | NQ24: 0 | NR24: =NQ24*$IS24/1000 -> 0 | NU24: 0 | NV24: =NU24*$IS24/1000 -> 0 | NX24: =IF(NU24=1,MAX(NT24),"") | NZ24: 0 | OC24: 0 | OF24: 0 | OI24: 1 | OL24: 0.5 | OO24: 1 | OR24: =PD24 -> 0 | OU24: 0 | OX24: 0 | OZ24: 45713 | PA24: 1 | PB24: =OZ24 -> 45713 | PC24: N/A | PD24: 0 | PG24: 0 | PI24: 45712 | PJ24: 1 | PK24: ='Seg Diario'!HJ24 -> 45911 | PL24: =PI24 -> 45712 | PM24: =PJ24 -> 1 | PN24: =PK24 -> 45911 | PO24: 0.045 | PP24: =+IF(MIN(OH24,OK24,ON24,OQ24,OT24,OW24,OZ24,PC24,PI24,PL24)=0,"",MIN(OH24,OK24,ON24,OQ24,OT24,OW24,OZ24,PC24,PI24,PL24)) -> 45712 | PQ24: =+IF(PO24=1,MAX(OJ24,OM24,OP24,OS24,OV24,OY24,PB24,PE24,PK24,PN24),"") | PT24: 45482 | PU24: 1 | PV24: 45482 | PW24: 45527 | PX24: 1 | PY24: 45527 | QA24: 0 | QD24: 0.5 | QF24: 0.93745 | QG24: =+IF(MIN(PT24,PW24,PZ24,QC24)=0,"",MIN(PT24,PW24,PZ24,QC24)) -> 45482 | QH24: =+IF(QF24=1,MAX(PV24,PY24,QB24,QE24),"") | QL24: =(JN24+JR24+JV24+JZ24+KD24+KH24)/3 -> 1 | QN24: =(JN24+JR24+JV24)/3 -> 1 | QO24: 45893 | QP24: 1 | QQ24: 45893 | QR24: 45911 | QS24: 1 | QT24: 45911
A25: =1+A24 -> #VALUE! | B25: T013 | D25: HE | E25: C2 | F25: 5519.72 | G25: INST | H25: CRUZ | I25: CXT | O25: Z | P25: Z | Q25: Z | R25: Z | S25: HELICOIDALES | AG25: =AD25/$AG$8 -> 0 | AH25: =AE25/$AH$8 -> 0 | AI25: =AF25/$AI$8 -> 0 | AM25: =AJ25/$AM$8 -> 0 | AN25: =AK25/$AN$8 -> 0 | AO25: =AL25/$AO$8 -> 0 | AS25: =IFERROR(AP25/$AS$8,0) -> 0 | AT25: =IFERROR(AQ25/$AT$8,0) -> 0 | AU25: =IFERROR(AR25/$AU$8,0) -> 0 | AW25: SI | AX25: =BY25 -> 1 | AY25: NO | BA25: 45482 | BB25: =PU25 -> 1 | BC25: =QI25 -> 0 | BD25: =QJ25 -> 0 | BE25: 45683 | BF25: =IF(BE25<>"",1,) -> 1 | BG25: 45708 | BH25: =IF(BG25<>"",1,) -> 1 | BI25: =BL25 -> 45735 | BJ25: 0 | BK25: =EW25 -> 45756 | BL25: 45735 | BM25: 1 | BN25: 45735 | BO25: 45735 | BP25: 1 | BQ25: 45736 | BR25: 45735 | BS25: 1 | BT25: 45736 | BU25: 45735 | BV25: 1 | BW25: 45736 | BX25: =IF(MIN(BL25,BO25,BR25,BU25)=0,"",MIN(BL25,BO25,BR25,BU25)) -> 45735 | BY25: =+(BV25+BS25+BP25+BM25)/4 -> 1 | BZ25: =IF(BY25=1,MAX(BN25,BR25,BT25,BW25),"") -> 45736 | CA25: 45752 | CB25: 1 | CC25: =IF(CA25="","",CA25) -> 45752 | CD25: 45752 | CE25: 1 | CF25: =IF(CD25="","",CD25) -> 45752 | CG25: 45752 | CH25: 1 | CI25: =IF(CG25="","",CG25) -> 45752 | CJ25: 45752 | CK25: 1 | CL25: =IF(CJ25="","",CJ25) -> 45752 | CM25: =IF(MIN(CA25,CD25,CG25,CJ25)=0,"",MIN(CA25,CD25,CG25,CJ25)) -> 45752 | CN25: =+(CK25+CH25+CE25+CB25)/4 -> 1 | CO25: =IF(CN25=1,MAX(CC25,CF25,CI25,CL25),"") -> 45752 | CP25: 45736 | CQ25: 1 | CR25: 45737 | CS25: 45736 | CT25: 1 | CU25: 45737 | CV25: 45736 | CW25: 1 | CX25: 45737 | CY25: 45736 | CZ25: 1 | DA25: 45737 | DB25: =IF(MIN(CP25,CS25,CV25,CY25)=0,"",MIN(CP25,CS25,CV25,CY25)) -> 45736 | DC25: =+(CZ25+CW25+CT25+CQ25)/4 -> 1 | DD25: =IF(DC25=1,MAX(CR25,CU25,CX25,DA25),"") -> 45737 | DE25: 45752 | DF25: 1 | DG25: 45752 | DH25: 45752 | DI25: 1 | DJ25: 45752 | DK25: 45752 | DL25: 1 | DM25: 45752 | DN25: 45752 | DO25: 1 | DP25: 45755 | DQ25: =IF(MIN(DE25,DH25,DK25,DN25)=0,"",MIN(DE25,DH25,DK25,DN25)) -> 45752 | DR25: =+(DO25+DL25+DI25+DF25)/4 -> 1 | DS25: =IF(DR25=1,MAX(DG25,DJ25,DM25,DP25),"") -> 45755 | DT25: 45752 | DU25: 1 | DV25: 45752 | DW25: 45752 | DX25: 1 | DY25: 45752 | DZ25: 45752 | EA25: 1 | EB25: 45752 | EC25: 45752 | ED25: 1 | EE25: 45755 | EF25: =IF(MIN(DT25,DW25,DZ25,EC25)=0,"",MIN(DT25,DW25,DZ25,EC25)) -> 45752 | EG25: =+(ED25+EA25+DX25+DU25)/4 -> 1 | EH25: =IF(EG25=1,MAX(DV25,DY25,EB25,EE25),"") -> 45755 | EI25: 45756 | EJ25: 1 | EK25: =IF(EI25="","",EI25) -> 45756 | EL25: 45756 | EM25: 1 | EN25: =IF(EL25="","",EL25) -> 45756 | EO25: 45756 | EP25: 1 | EQ25: =IF(EO25="","",EO25) -> 45756 | ER25: 45756 | ES25: 1 | ET25: =IF(ER25="","",ER25) -> 45756 | EU25: =IF(MIN(EI25,EL25,EO25,ER25)=0,"",MIN(EI25,EL25,EO25,ER25)) -> 45756 | EV25: =+(ES25+EP25+EM25+EJ25)/4 -> 1 | EW25: =IF(EV25=1,MAX(EK25,EN25,EQ25,ET25),"") -> 45756 | EY25: 0 | FB25: 0 | FE25: 0 | FH25: 0 | FJ25: =IF(MIN(EX25,FA25,FD25,FG25)=0,"",MIN(EX25,FA25,FD25,FG25)) | FK25: 0 | FL25: =IF(FK25=1,MAX(EZ25,FC25,FF25,FI25),"") | FM25: 45771 | FN25: 1 | FO25: 45774 | FP25: 45771 | FQ25: 1 | FR25: 45774 | FS25: 45771 | FT25: 1 | FU25: 45774 | FV25: 45771 | FW25: 1 | FX25: 45774 | FY25: =IF(MIN(FM25,FP25,FS25,FV25)=0,"",MIN(FM25,FP25,FS25,FV25)) -> 45771 | FZ25: =((FW25+FT25+FQ25+FN25)/4) -> 1 | GA25: =IF(FZ25=1,MAX(FO25,FR25,FU25,FX25),"") -> 45774 | GB25: 45756 | GC25: 1 | GD25: =IF(GB25="","",GB25) -> 45756 | GE25: 45756 | GF25: 1 | GG25: =IF(GE25="","",GE25) -> 45756 | GH25: 45756 | GI25: 1 | GJ25: =IF(GH25="","",GH25) -> 45756 | GK25: 45756 | GL25: 1 | GM25: =IF(GK25="","",GK25) -> 45756 | GN25: =IF(MIN(GB25,GE25,GH25,GK25)=0,"",MIN(GB25,GE25,GH25,GK25)) -> 45756 | GO25: =+(GL25+GI25+GF25+GC25)/4 -> 1 | GP25: =IF(GO25=1,MAX(GD25,GG25,GJ25,GM25),"") -> 45756 | GQ25: =(BY25*$BY$7)+(CN25*$CN$7)+(DR25*$DR$7)+(EV25*$EV$7)+(FZ25*$FZ$7) -> 1 | GR25: =+IF(MIN(BX25,CM25,DB25,DQ25,EF25,EU25,FY25)=0,"",MIN(BX25,CM25,DB25,DQ25,EF25,EU25,FY25)) -> 45735 | GS25: =+IF(GQ25=1,MAX(BZ25,CO25,DD25,DS25,EH25,EW25,GA25,GP25),"") -> 45774 | GV25: 45912 | GW25: 1 | GX25: 45915 | GY25: 45912 | GZ25: 1 | HA25: 45915 | HB25: 45912 | HC25: 1 | HD25: 45915 | HE25: 45912 | HF25: 1 | HG25: 45915 | HH25: =IF(MIN(GV25,GY25,HB25,HE25)=0,"",MIN(GV25,GY25,HB25,HE25)) -> 45912 | HI25: =+(HF25+HC25+GZ25+GW25)/4 -> 1 | HJ25: =IF(HI25=1,MAX(GX25,HA25,HD25,HG25),"") -> 45915 | HK25: 0 | HL25: =+IF(MIN(BE25,BI25,GP25,HH25)=0,"",MIN(BE25,BI25,GP25,HH25)) -> 45683 | HM25: =+IF(HK25=1,MAX(BE25,BI25,GS25,HJ25),"") | HR25: 45808 | HS25: 1 | HT25: 45808 | HU25: 45812 | HV25: 1 | HW25: 45812 | HX25: 45812 | HY25: 1 | HZ25: 45814 | IA25: 45814 | IB25: 1 | IC25: 45814 | ID25: 45814 | IE25: 1 | IF25: 45820 | IG25: 45821 | IH25: 45820 | II25: 1 | IJ25: 45820 | IK25: 45832 | IL25: 1 | IM25: 45832 | IN25: =(HV25*$HV$7)+(HY25*$HY$7)+(IB25*$IB$7)+(IE25*$IE$7) -> 1 | IO25: =+IF(MIN(HR25,HU25,HX25,IA25,ID25,IK25)=0,"",MIN(HR25,HU25,HX25,IA25,ID25,IK25)) -> 45808 | IP25: =+IF(IN25=1,MAX(HT25,HW25,HZ25,IC25,IF25,IM25),"") -> 45832 | IS25: 333.13 | IT25: TEND 1 | IV25: 0 | IY25: 0 | JA25: 45842 | JB25: 1 | JC25: =IF(JA25="","",JA25) -> 45842 | JD25: =JF25*$IS25/1000 -> 0.33313 | JE25: 45845 | JF25: 1 | JG25: 45864 | JH25: =JJ25*$IS25/1000 -> 0.33313 | JI25: 45855 | JJ25: 1 | JK25: 45867 | JL25: =JN25*$IS25/1000 -> 0.33313 | JM25: 45870 | JN25: 1 | JO25: 45870 | JP25: =JR25*$IS25/1000 -> 0.33313 | JQ25: 45869 | JR25: 1 | JS25: 45869 | JT25: =JV25*$IS25/1000 -> 0.33313 | JU25: 45871 | JV25: 1 | JW25: 45871 | JX25: =JZ25*$IS25/1000 -> 0 | JZ25: 0 | KB25: =KD25*$IS25/1000 -> 0 | KD25: 0 | KF25: =KH25*$IS25/1000 -> 0 | KH25: 0 | KK25: 45898 | KL25: 1 | KM25: 45898 | KN25: 45887 | KO25: 1 | KP25: 45887 | KQ25: 45946 | KR25: 1 | KS25: 45946 | KT25: 0 | KU25: =KT25*$IS25/1000 -> 0 | KV25: =+IF(MIN(JA25,JE25,JI25,JM25,JQ25,JU25,KK25,KN25,KQ25)=0,"",MIN(JA25,JE25,JI25,JM25,JQ25,JU25,KK25,KN25,KQ25)) -> 45842 | KW25: =+IF(KT25=1,MAX(KP25,KM25,JW25,JS25,JO25,JK25,JG25,JC25,KS25),"") | KX25: 45856 | KY25: 1 | KZ25: =IF(KX25="","",KX25) -> 45856 | LA25: =LC25*$IS25/1000 -> 0.33313 | LB25: 45857 | LC25: 1 | LD25: =IF(LB25="","",LB25) -> 45857 | LE25: =LG25*$IS25/1000 -> 0.33313 | LF25: 45861 | LG25: 1 | LH25: =IF(LF25="","",LF25) -> 45861 | LI25: =LK25*$IS25/1000 -> 0.33313 | LJ25: 45862 | LK25: 1 | LL25: 45862 | LM25: 45887 | LN25: 1 | LO25: 45887 | LP25: 45894 | LQ25: 1 | LR25: 45894 | LT25: 0 | LV25: 0 | LW25: =LV25*$IS25/1000 -> 0 | LX25: =+IF(MIN(KX25,LB25,LF25,LJ25,LM25,LP25,LS25)=0,"",MIN(KX25,LB25,LF25,LJ25,LM25,LP25,LS25)) -> 45856 | LY25: =IF(LV25=1,MAX(LU25),"") | LZ25: 45842 | MA25: 1 | MB25: =IF(LZ25="","",LZ25) -> 45842 | MC25: =ME25*$IS25/1000 -> 0.33313 | MD25: 45846 | ME25: 1 | MF25: =IF(MD25="","",MD25) -> 45846 | MG25: =MI25*$IS25/1000 -> 0.33313 | MH25: 45854 | MI25: 1 | MJ25: 45854 | MK25: =MM25*$IS25/1000 -> 0.33313 | ML25: 45860 | MM25: 1 | MN25: =IF(ML25="","",ML25) -> 45860 | MO25: 45887 | MP25: 1 | MQ25: 45887 | MR25: 45894 | MS25: 1 | MT25: 45894 | MV25: 0 | MX25: 0 | MY25: =MX25*$IS25/1000 -> 0 | MZ25: =+IF(MIN(LZ25,MD25,MH25,ML25,MO25,MR25,MU25)=0,"",MIN(LZ25,MD25,MH25,ML25,MO25,MR25,MU25)) -> 45842 | NA25: =IF(MX25=1,MAX(MW25),"") | NB25: 0 | NC25: =NB25*$IS25/1000 -> 0 | ND25: =+IF(MIN(MZ25,LX25,KV25,IU25)=0,"",MIN(MZ25,LX25,KV25,IU25)) -> 45842 | NE25: =+IF(IN25=1,MAX(IW25,KW25,LY25,NA25),"") -> 0 | NI25: 0 | NM25: 0 | NN25: =NM25*$IS25/1000 -> 0 | NQ25: 0 | NR25: =NQ25*$IS25/1000 -> 0 | NU25: 0 | NV25: =NU25*$IS25/1000 -> 0 | NX25: =IF(NU25=1,MAX(NT25),"") | NZ25: 0 | OC25: 0 | OF25: 0 | OI25: 1 | OL25: 0.5 | OO25: 1 | OR25: =PD25 -> 0 | OU25: 0 | OX25: 0 | OZ25: 45715 | PA25: 1 | PB25: =OZ25 -> 45715 | PC25: N/A | PD25: 0 | PG25: 0 | PI25: 45735 | PJ25: 1 | PK25: ='Seg Diario'!HJ25 -> 45915 | PL25: =PI25 -> 45735 | PM25: =PJ25 -> 1 | PN25: =PK25 -> 45915 | PO25: 0.045 | PP25: =+IF(MIN(OH25,OK25,ON25,OQ25,OT25,OW25,OZ25,PC25,PI25,PL25)=0,"",MIN(OH25,OK25,ON25,OQ25,OT25,OW25,OZ25,PC25,PI25,PL25)) -> 45715 | PQ25: =+IF(PO25=1,MAX(OJ25,OM25,OP25,OS25,OV25,OY25,PB25,PE25,PK25,PN25),"") | PT25: 45482 | PU25: 1 | PV25: 45482 | PW25: 45527 | PX25: 1 | PY25: 45527 | QA25: 0 | QD25: 0.5 | QF25: 0.93745 | QG25: =+IF(MIN(PT25,PW25,PZ25,QC25)=0,"",MIN(PT25,PW25,PZ25,QC25)) -> 45482 | QH25: =+IF(QF25=1,MAX(PV25,PY25,QB25,QE25),"") | QL25: =(JN25+JR25+JV25+JZ25+KD25+KH25)/3 -> 1 | QN25: =(JN25+JR25+JV25)/3 -> 1 | QO25: 45893 | QP25: 1 | QQ25: 45893 | QR25: 45911 | QS25: 1 | QT25: 45911
A26: =1+A25 -> #VALUE! | B26: T014 | D26: Z | E26: B4 | F26: 8247.84 | G26: SH | H26: CRUZ | I26: CXT | N26: MULAR | O26: Z | P26: Z | Q26: Z | R26: Z | S26: ZAPATA | AG26: =AD26/$AG$8 -> 0 | AH26: =AE26/$AH$8 -> 0 | AI26: =AF26/$AI$8 -> 0 | AM26: =AJ26/$AM$8 -> 0 | AN26: =AK26/$AN$8 -> 0 | AO26: =AL26/$AO$8 -> 0 | AS26: =IFERROR(AP26/$AS$8,0) -> 0 | AT26: =IFERROR(AQ26/$AT$8,0) -> 0 | AU26: =IFERROR(AR26/$AU$8,0) -> 0 | AW26: SI | AX26: =BY26 -> 1 | AY26: NO | AZ26: CAMBIO ANLA | BA26: 45483 | BB26: =PU26 -> 1 | BC26: =QI26 -> 0 | BD26: =QJ26 -> 0 | BE26: 45687 | BF26: =IF(BE26<>"",1,) -> 1 | BG26: 45688 | BH26: =IF(BG26<>"",1,) -> 1 | BI26: =BL26 -> 45688 | BJ26: 1 | BK26: =EW26 -> 45695 | BL26: 45688 | BM26: 1 | BN26: 45691 | BO26: 45688 | BP26: 1 | BQ26: 45692 | BR26: 45688 | BS26: 1 | BT26: 45692 | BU26: 45688 | BV26: 1 | BW26: 45691 | BX26: =IF(MIN(BL26,BO26,BR26,BU26)=0,"",MIN(BL26,BO26,BR26,BU26)) -> 45688 | BY26: =+(BV26+BS26+BP26+BM26)/4 -> 1 | BZ26: =IF(BY26=1,MAX(BN26,BQ26,BT26,BW26),"") -> 45692 | CA26: 45692 | CB26: 1 | CC26: =IF(CA26="","",CA26) -> 45692 | CD26: 45692 | CE26: 1 | CF26: =IF(CD26="","",CD26) -> 45692 | CG26: 45692 | CH26: 1 | CI26: =IF(CG26="","",CG26) -> 45692 | CJ26: 45691 | CK26: 1 | CL26: =IF(CJ26="","",CJ26) -> 45691 | CM26: =IF(MIN(CA26,CD26,CG26,CJ26)=0,"",MIN(CA26,CD26,CG26,CJ26)) -> 45691 | CN26: =+(CK26+CH26+CE26+CB26)/4 -> 1 | CO26: =IF(CN26=1,MAX(CC26,CF26,CI26,CL26),"") -> 45692 | CQ26: 0 | CT26: 0 | CW26: 0 | CZ26: 0 | DB26: =IF(MIN(CP26,CS26,CV26,CY26)=0,"",MIN(CP26,CS26,CV26,CY26)) | DC26: =+(CZ26+CW26+CT26+CQ26)/4 -> 0 | DD26: =IF(DC26=1,MAX(CR26,CU26,CX26,DA26),"") | DE26: 45693 | DF26: 1 | DG26: 45693 | DH26: 45692 | DI26: 1 | DJ26: 45692 | DK26: 45692 | DL26: 1 | DM26: 45693 | DN26: 45692 | DO26: 1 | DP26: 45692 | DQ26: =IF(MIN(DE26,DH26,DK26,DN26)=0,"",MIN(DE26,DH26,DK26,DN26)) -> 45692 | DR26: =+(DO26+DL26+DI26+DF26)/4 -> 1 | DS26: =IF(DR26=1,MAX(DG26,DJ26,DM26,DP26),"") -> 45693 | DT26: 45692 | DU26: 1 | DV26: 45695 | DW26: 45692 | DX26: 1 | DY26: 45695 | DZ26: 45692 | EA26: 1 | EB26: 45695 | EC26: 45692 | ED26: 1 | EE26: 45695 | EF26: =IF(MIN(DT26,DW26,DZ26,EC26)=0,"",MIN(DT26,DW26,DZ26,EC26)) -> 45692 | EG26: =+(ED26+EA26+DX26+DU26)/4 -> 1 | EH26: =IF(EG26=1,MAX(DV26,DY26,EB26,EE26),"") -> 45695 | EI26: 45695 | EJ26: 1 | EK26: =IF(EI26="","",EI26) -> 45695 | EL26: 45695 | EM26: 1 | EN26: =IF(EL26="","",EL26) -> 45695 | EO26: 45695 | EP26: 1 | EQ26: =IF(EO26="","",EO26) -> 45695 | ER26: 45695 | ES26: 1 | ET26: =IF(ER26="","",ER26) -> 45695 | EU26: =IF(MIN(EI26,EL26,EO26,ER26)=0,"",MIN(EI26,EL26,EO26,ER26)) -> 45695 | EV26: =+(ES26+EP26+EM26+EJ26)/4 -> 1 | EW26: =IF(EV26=1,MAX(EK26,EN26,EQ26,ET26),"") -> 45695 | EY26: 0 | FB26: 0 | FE26: 0 | FH26: 0 | FJ26: =IF(MIN(EX26,FA26,FD26,FG26)=0,"",MIN(EX26,FA26,FD26,FG26)) | FK26: 0 | FL26: =IF(FK26=1,MAX(EZ26,FC26,FF26,FI26),"") | FM26: 45700 | FN26: 1 | FO26: 45701 | FP26: 45700 | FQ26: 1 | FR26: 45701 | FS26: 45700 | FT26: 1 | FU26: 45701 | FV26: 45700 | FW26: 1 | FX26: 45701 | FY26: =IF(MIN(FM26,FP26,FS26,FV26)=0,"",MIN(FM26,FP26,FS26,FV26)) -> 45700 | FZ26: =((FW26+FT26+FQ26+FN26)/4) -> 1 | GA26: =IF(FZ26=1,MAX(FO26,FR26,FU26,FX26),"") -> 45701 | GB26: 45693 | GC26: 1 | GD26: =IF(GB26="","",GB26) -> 45693 | GE26: 45693 | GF26: 1 | GG26: =IF(GE26="","",GE26) -> 45693 | GH26: 45693 | GI26: 1 | GJ26: =IF(GH26="","",GH26) -> 45693 | GK26: 45693 | GL26: 1 | GM26: =IF(GK26="","",GK26) -> 45693 | GN26: =IF(MIN(GB26,GE26,GH26,GK26)=0,"",MIN(GB26,GE26,GH26,GK26)) -> 45693 | GO26: =+(GL26+GI26+GF26+GC26)/4 -> 1 | GP26: =IF(GO26=1,MAX(GD26,GG26,GJ26,GM26),"") -> 45693 | GQ26: =(BY26*$BY$7)+(CN26*$CN$7)+(DR26*$DR$7)+(EV26*$EV$7)+(FZ26*$FZ$7) -> 1 | GR26: =+IF(MIN(BX26,CM26,DB26,DQ26,EF26,EU26,FY26)=0,"",MIN(BX26,CM26,DB26,DQ26,EF26,EU26,FY26)) -> 45688 | GS26: =+IF(GQ26=1,MAX(BZ26,CO26,DD26,DS26,EH26,EW26,GA26,GP26),"") -> 45701 | GV26: 45896 | GW26: 1 | GX26: 45898 | GY26: 45896 | GZ26: 1 | HA26: 45898 | HB26: 45896 | HC26: 1 | HD26: 45898 | HE26: 45896 | HF26: 1 | HG26: 45898 | HH26: =IF(MIN(GV26,GY26,HB26,HE26)=0,"",MIN(GV26,GY26,HB26,HE26)) -> 45896 | HI26: =+(HF26+HC26+GZ26+GW26)/4 -> 1 | HJ26: =IF(HI26=1,MAX(GX26,HA26,HD26,HG26),"") -> 45898 | HK26: 0 | HL26: =+IF(MIN(BE26,BI26,GP26,HH26)=0,"",MIN(BE26,BI26,GP26,HH26)) -> 45687 | HM26: =+IF(HK26=1,MAX(BE26,BI26,GS26,HJ26),"") | HR26: 45803 | HS26: 1 | HT26: 45803 | HU26: 45813 | HV26: 1 | HW26: 45813 | HX26: 45813 | HY26: 1 | HZ26: 45816 | IA26: 45816 | IB26: 1 | IC26: 45816 | ID26: 45831 | IE26: 1 | IF26: 45831 | IG26: 45832 | IH26: 45832 | II26: 1 | IJ26: 45832 | IK26: 45832 | IL26: 1 | IM26: 45832 | IN26: =(HV26*$HV$7)+(HY26*$HY$7)+(IB26*$IB$7)+(IE26*$IE$7) -> 1 | IO26: =+IF(MIN(HR26,HU26,HX26,IA26,ID26,IK26)=0,"",MIN(HR26,HU26,HX26,IA26,ID26,IK26)) -> 45803 | IP26: =+IF(IN26=1,MAX(HT26,HW26,HZ26,IC26,IF26,IM26),"") -> 45832 | IS26: 331.99 | IT26: TEND 1 | IV26: 0 | IY26: 0 | JA26: 45842 | JB26: 1 | JC26: =IF(JA26="","",JA26) -> 45842 | JD26: =JF26*$IS26/1000 -> 0.33199 | JE26: 45845 | JF26: 1 | JG26: 45864 | JH26: =JJ26*$IS26/1000 -> 0.33199 | JI26: 45855 | JJ26: 1 | JK26: 45867 | JL26: =JN26*$IS26/1000 -> 0.33199 | JM26: 45870 | JN26: 1 | JO26: 45870 | JP26: =JR26*$IS26/1000 -> 0.33199 | JQ26: 45869 | JR26: 1 | JS26: 45869 | JT26: =JV26*$IS26/1000 -> 0.33199 | JU26: 45871 | JV26: 1 | JW26: 45871 | JX26: =JZ26*$IS26/1000 -> 0 | JZ26: 0 | KB26: =KD26*$IS26/1000 -> 0 | KD26: 0 | KF26: =KH26*$IS26/1000 -> 0 | KH26: 0 | KK26: 45904 | KL26: 1 | KM26: 45904 | KN26: 45885 | KO26: 1 | KP26: 45885 | KQ26: 45946 | KR26: 1 | KS26: 45946 | KT26: 0 | KU26: =KT26*$IS26/1000 -> 0 | KV26: =+IF(MIN(JA26,JE26,JI26,JM26,JQ26,JU26,KK26,KN26,KQ26)=0,"",MIN(JA26,JE26,JI26,JM26,JQ26,JU26,KK26,KN26,KQ26)) -> 45842 | KW26: =+IF(KT26=1,MAX(KP26,KM26,JW26,JS26,JO26,JK26,JG26,JC26,KS26),"") | KX26: 45856 | KY26: 1 | KZ26: =IF(KX26="","",KX26) -> 45856 | LA26: =LC26*$IS26/1000 -> 0.33199 | LB26: 45857 | LC26: 1 | LD26: =IF(LB26="","",LB26) -> 45857 | LE26: =LG26*$IS26/1000 -> 0.33199 | LF26: 45861 | LG26: 1 | LH26: =IF(LF26="","",LF26) -> 45861 | LI26: =LK26*$IS26/1000 -> 0.33199 | LJ26: 45862 | LK26: 1 | LL26: 45862 | LM26: 45867 | LN26: 1 | LO26: 45867 | LP26: 45894 | LQ26: 1 | LR26: 45894 | LT26: 0 | LV26: 0 | LW26: =LV26*$IS26/1000 -> 0 | LX26: =+IF(MIN(KX26,LB26,LF26,LJ26,LM26,LP26,LS26)=0,"",MIN(KX26,LB26,LF26,LJ26,LM26,LP26,LS26)) -> 45856 | LY26: =IF(LV26=1,MAX(LU26),"") | LZ26: 45842 | MA26: 1 | MB26: =IF(LZ26="","",LZ26) -> 45842 | MC26: =ME26*$IS26/1000 -> 0.33199 | MD26: 45846 | ME26: 1 | MF26: =IF(MD26="","",MD26) -> 45846 | MG26: =MI26*$IS26/1000 -> 0.33199 | MH26: 45854 | MI26: 1 | MJ26: 45854 | MK26: =MM26*$IS26/1000 -> 0.33199 | ML26: 45860 | MM26: 1 | MN26: =IF(ML26="","",ML26) -> 45860 | MO26: 45867 | MP26: 1 | MQ26: 45867 | MR26: 45894 | MS26: 1 | MT26: 45894 | MV26: 0 | MX26: 0 | MY26: =MX26*$IS26/1000 -> 0 | MZ26: =+IF(MIN(LZ26,MD26,MH26,ML26,MO26,MR26,MU26)=0,"",MIN(LZ26,MD26,MH26,ML26,MO26,MR26,MU26)) -> 45842 | NA26: =IF(MX26=1,MAX(MW26),"") | NB26: 0 | NC26: =NB26*$IS26/1000 -> 0 | ND26: =+IF(MIN(MZ26,LX26,KV26,IU26)=0,"",MIN(MZ26,LX26,KV26,IU26)) -> 45842 | NE26: =+IF(IN26=1,MAX(IW26,KW26,LY26,NA26),"") -> 0 | NI26: 0 | NM26: 0 | NN26: =NM26*$IS26/1000 -> 0 | NQ26: 0 | NR26: =NQ26*$IS26/1000 -> 0 | NU26: 0 | NV26: =NU26*$IS26/1000 -> 0 | NX26: =IF(NU26=1,MAX(NT26),"") | NZ26: 0 | OC26: 0 | OF26: 0 | OI26: 1 | OL26: 0.5 | OO26: 1 | OR26: =PD26 -> 0 | OU26: 0 | OX26: 0 | OZ26: 45688 | PA26: 1 | PB26: =OZ26 -> 45688 | PC26: N/A | PD26: 0 | PG26: 0 | PI26: 45688 | PJ26: 1 | PK26: ='Seg Diario'!HJ26 -> 45898 | PL26: =PI26 -> 45688 | PM26: =PJ26 -> 1 | PN26: =PK26 -> 45898 | PO26: 0.045 | PP26: =+IF(MIN(OH26,OK26,ON26,OQ26,OT26,OW26,OZ26,PC26,PI26,PL26)=0,"",MIN(OH26,OK26,ON26,OQ26,OT26,OW26,OZ26,PC26,PI26,PL26)) -> 45688 | PQ26: =+IF(PO26=1,MAX(OJ26,OM26,OP26,OS26,OV26,OY26,PB26,PE26,PK26,PN26),"") | PT26: 45482 | PU26: 1 | PV26: 45482 | PW26: 45527 | PX26: 1 | PY26: 45527 | QA26: 0 | QD26: 0.5 | QF26: 0.93745 | QG26: =+IF(MIN(PT26,PW26,PZ26,QC26)=0,"",MIN(PT26,PW26,PZ26,QC26)) -> 45482 | QH26: =+IF(QF26=1,MAX(PV26,PY26,QB26,QE26),"") | QL26: =(JN26+JR26+JV26+JZ26+KD26+KH26)/3 -> 1 | QN26: =(JN26+JR26+JV26)/3 -> 1 | QO26: 45893 | QP26: 1 | QQ26: 45893 | QR26: 45911 | QS26: 1 | QT26: 45911
A27: =1+A26 -> #VALUE! | B27: T015 | D27: Z | E27: A7 | F27: 11760.35 | H27: CRUZ | I27: CXT | N27: MULAR | O27: Z | P27: Z | Q27: Z | R27: Z | S27: ZAPATA | AG27: =AD27/$AG$8 -> 0 | AH27: =AE27/$AH$8 -> 0 | AI27: =AF27/$AI$8 -> 0 | AM27: =AJ27/$AM$8 -> 0 | AN27: =AK27/$AN$8 -> 0 | AO27: =AL27/$AO$8 -> 0 | AS27: =IFERROR(AP27/$AS$8,0) -> 0 | AT27: =IFERROR(AQ27/$AT$8,0) -> 0 | AU27: =IFERROR(AR27/$AU$8,0) -> 0 | AW27: SI | AX27: =BY27 -> 1 | AY27: NO | AZ27: CAMBIO ANLA | BA27: 45483 | BB27: =PU27 -> 1 | BC27: =QI27 -> 0 | BD27: =QJ27 -> 0 | BE27: 45682 | BF27: =IF(BE27<>"",1,) -> 1 | BG27: 45751 | BH27: =IF(BG27<>"",1,) -> 1 | BI27: =BL27 -> 45797 | BJ27: 0 | BK27: =EW27 -> 45805 | BL27: 45797 | BM27: 1 | BN27: 45797 | BO27: 45797 | BP27: 1 | BQ27: 45797 | BR27: 45797 | BS27: 1 | BT27: 45797 | BU27: 45797 | BV27: 1 | BW27: 45797 | BX27: =IF(MIN(BL27,BO27,BR27,BU27)=0,"",MIN(BL27,BO27,BR27,BU27)) -> 45797 | BY27: =+(BV27+BS27+BP27+BM27)/4 -> 1 | BZ27: =IF(BY27=1,MAX(BN27,BQ27,BT27,BW27),"") -> 45797 | CA27: 45797 | CB27: 1 | CC27: =IF(CA27="","",CA27) -> 45797 | CD27: 45797 | CE27: 1 | CF27: =IF(CD27="","",CD27) -> 45797 | CG27: 45797 | CH27: 1 | CI27: =IF(CG27="","",CG27) -> 45797 | CJ27: 45797 | CK27: 1 | CL27: =IF(CJ27="","",CJ27) -> 45797 | CM27: =IF(MIN(CA27,CD27,CG27,CJ27)=0,"",MIN(CA27,CD27,CG27,CJ27)) -> 45797 | CN27: =+(CK27+CH27+CE27+CB27)/4 -> 1 | CO27: =IF(CN27=1,MAX(CC27,CF27,CI27,CL27),"") -> 45797 | CQ27: 0 | CT27: 0 | CW27: 0 | CZ27: 0 | DB27: =IF(MIN(CP27,CS27,CV27,CY27)=0,"",MIN(CP27,CS27,CV27,CY27)) | DC27: =+(CZ27+CW27+CT27+CQ27)/4 -> 0 | DD27: =IF(DC27=1,MAX(CR27,CU27,CX27,DA27),"") | DE27: 45803 | DF27: 1 | DG27: 45804 | DH27: 45803 | DI27: 1 | DJ27: 45804 | DK27: 45803 | DL27: 1 | DM27: 45804 | DN27: 45804 | DO27: 1 | DP27: 45804 | DQ27: =IF(MIN(DE27,DH27,DK27,DN27)=0,"",MIN(DE27,DH27,DK27,DN27)) -> 45803 | DR27: =+(DO27+DL27+DI27+DF27)/4 -> 1 | DS27: =IF(DR27=1,MAX(DG27,DJ27,DM27,DP27),"") -> 45804 | DT27: 45797 | DU27: 1 | DV27: 45805 | DW27: 45797 | DX27: 1 | DY27: 45805 | DZ27: 45797 | EA27: 1 | EB27: 45805 | EC27: 45797 | ED27: 1 | EE27: 45805 | EF27: =IF(MIN(DT27,DW27,DZ27,EC27)=0,"",MIN(DT27,DW27,DZ27,EC27)) -> 45797 | EG27: =+(ED27+EA27+DX27+DU27)/4 -> 1 | EH27: =IF(EG27=1,MAX(DV27,DY27,EB27,EE27),"") -> 45805 | EI27: 45805 | EJ27: 1 | EK27: =IF(EI27="","",EI27) -> 45805 | EL27: 45805 | EM27: 1 | EN27: =IF(EL27="","",EL27) -> 45805 | EO27: 45805 | EP27: 1 | EQ27: =IF(EO27="","",EO27) -> 45805 | ER27: 45805 | ES27: 1 | ET27: =IF(ER27="","",ER27) -> 45805 | EU27: =IF(MIN(EI27,EL27,EO27,ER27)=0,"",MIN(EI27,EL27,EO27,ER27)) -> 45805 | EV27: =+(ES27+EP27+EM27+EJ27)/4 -> 1 | EW27: =IF(EV27=1,MAX(EK27,EN27,EQ27,ET27),"") -> 45805 | EY27: 0 | FB27: 0 | FE27: 0 | FH27: 0 | FJ27: =IF(MIN(EX27,FA27,FD27,FG27)=0,"",MIN(EX27,FA27,FD27,FG27)) | FK27: 0 | FL27: =IF(FK27=1,MAX(EZ27,FC27,FF27,FI27),"") | FM27: 45815 | FN27: 1 | FO27: 45820 | FP27: 45815 | FQ27: 1 | FR27: 45820 | FS27: 45815 | FT27: 1 | FU27: 45820 | FV27: 45815 | FW27: 1 | FX27: 45820 | FY27: =IF(MIN(FM27,FP27,FS27,FV27)=0,"",MIN(FM27,FP27,FS27,FV27)) -> 45815 | FZ27: =((FW27+FT27+FQ27+FN27)/4) -> 1 | GA27: =IF(FZ27=1,MAX(FO27,FR27,FU27,FX27),"") -> 45820 | GB27: 45804 | GC27: 1 | GD27: =IF(GB27="","",GB27) -> 45804 | GE27: 45804 | GF27: 1 | GG27: =IF(GE27="","",GE27) -> 45804 | GH27: 45804 | GI27: 1 | GJ27: =IF(GH27="","",GH27) -> 45804 | GK27: 45804 | GL27: 1 | GM27: =IF(GK27="","",GK27) -> 45804 | GN27: =IF(MIN(GB27,GE27,GH27,GK27)=0,"",MIN(GB27,GE27,GH27,GK27)) -> 45804 | GO27: =+(GL27+GI27+GF27+GC27)/4 -> 1 | GP27: =IF(GO27=1,MAX(GD27,GG27,GJ27,GM27),"") -> 45804 | GQ27: =(BY27*$BY$7)+(CN27*$CN$7)+(DR27*$DR$7)+(EV27*$EV$7)+(FZ27*$FZ$7) -> 1 | GR27: =+IF(MIN(BX27,CM27,DB27,DQ27,EF27,EU27,FY27)=0,"",MIN(BX27,CM27,DB27,DQ27,EF27,EU27,FY27)) -> 45797 | GS27: =+IF(GQ27=1,MAX(BZ27,CO27,DD27,DS27,EH27,EW27,GA27,GP27),"") -> 45820 | GV27: 45892 | GW27: 1 | GX27: 45896 | GY27: 45892 | GZ27: 1 | HA27: 45896 | HB27: 45892 | HC27: 1 | HD27: 45896 | HE27: 45892 | HF27: 1 | HG27: 45896 | HH27: =IF(MIN(GV27,GY27,HB27,HE27)=0,"",MIN(GV27,GY27,HB27,HE27)) -> 45892 | HI27: =+(HF27+HC27+GZ27+GW27)/4 -> 1 | HJ27: =IF(HI27=1,MAX(GX27,HA27,HD27,HG27),"") -> 45896 | HK27: 0 | HL27: =+IF(MIN(BE27,BI27,GP27,HH27)=0,"",MIN(BE27,BI27,GP27,HH27)) -> 45682 | HM27: =+IF(HK27=1,MAX(BE27,BI27,GS27,HJ27),"") | HR27: 45808 | HS27: 1 | HT27: 45808 | HU27: 45814 | HV27: 1 | HW27: 45814 | HX27: 45817 | HY27: 1 | HZ27: 45819 | IA27: 45821 | IB27: 1 | IC27: 45822 | ID27: 45824 | IE27: 1 | IF27: 45824 | IG27: 45830 | IH27: 45824 | II27: 1 | IJ27: 45783 | IK27: 45832 | IL27: 1 | IM27: 45832 | IN27: =(HV27*$HV$7)+(HY27*$HY$7)+(IB27*$IB$7)+(IE27*$IE$7) -> 1 | IO27: =+IF(MIN(HR27,HU27,HX27,IA27,ID27,IK27)=0,"",MIN(HR27,HU27,HX27,IA27,ID27,IK27)) -> 45808 | IP27: =+IF(IN27=1,MAX(HT27,HW27,HZ27,IC27,IF27,IM27),"") -> 45832 | IS27: 380.03 | IT27: TEND 1 | IV27: 0 | IY27: 0 | JA27: 45833 | JB27: 1 | JC27: =IF(JA27="","",JA27) -> 45833 | JD27: =JF27*$IS27/1000 -> 0.38003 | JE27: 45845 | JF27: 1 | JG27: 45864 | JH27: =JJ27*$IS27/1000 -> 0.38003 | JI27: 45855 | JJ27: 1 | JK27: 45867 | JL27: =JN27*$IS27/1000 -> 0.38003 | JM27: 45870 | JN27: 1 | JO27: 45870 | JP27: =JR27*$IS27/1000 -> 0.38003 | JQ27: 45869 | JR27: 1 | JS27: 45869 | JT27: =JV27*$IS27/1000 -> 0.38003 | JU27: 45871 | JV27: 1 | JW27: 45871 | JX27: =JZ27*$IS27/1000 -> 0 | JZ27: 0 | KB27: =KD27*$IS27/1000 -> 0 | KD27: 0 | KF27: =KH27*$IS27/1000 -> 0 | KH27: 0 | KK27: 45899 | KL27: 0 | KM27: 45899 | KN27: 45885 | KO27: 1 | KP27: 45899 | KQ27: 45946 | KR27: 1 | KS27: 45946 | KT27: 0 | KU27: =KT27*$IS27/1000 -> 0 | KV27: =+IF(MIN(JA27,JE27,JI27,JM27,JQ27,JU27,KK27,KN27,KQ27)=0,"",MIN(JA27,JE27,JI27,JM27,JQ27,JU27,KK27,KN27,KQ27)) -> 45833 | KW27: =+IF(KT27=1,MAX(KP27,KM27,JW27,JS27,JO27,JK27,JG27,JC27,KS27),"") | KX27: 45856 | KY27: 1 | KZ27: =IF(KX27="","",KX27) -> 45856 | LA27: =LC27*$IS27/1000 -> 0.38003 | LB27: 45857 | LC27: 1 | LD27: =IF(LB27="","",LB27) -> 45857 | LE27: =LG27*$IS27/1000 -> 0.38003 | LF27: 45861 | LG27: 1 | LH27: =IF(LF27="","",LF27) -> 45861 | LI27: =LK27*$IS27/1000 -> 0.38003 | LJ27: 45862 | LK27: 1 | LL27: 45862 | LM27: 45867 | LN27: 1 | LO27: 45867 | LP27: 45904 | LQ27: 1 | LR27: =LP27 -> 45904 | LT27: 0 | LV27: 0 | LW27: =LV27*$IS27/1000 -> 0 | LX27: =+IF(MIN(KX27,LB27,LF27,LJ27,LM27,LP27,LS27)=0,"",MIN(KX27,LB27,LF27,LJ27,LM27,LP27,LS27)) -> 45856 | LY27: =IF(LV27=1,MAX(LU27),"") | LZ27: 45846 | MA27: 1 | MB27: =IF(LZ27="","",LZ27) -> 45846 | MC27: =ME27*$IS27/1000 -> 0.38003 | MD27: 45849 | ME27: 1 | MF27: =IF(MD27="","",MD27) -> 45849 | MG27: =MI27*$IS27/1000 -> 0.38003 | MH27: 45855 | MI27: 1 | MJ27: 45855 | MK27: =MM27*$IS27/1000 -> 0.38003 | ML27: 45860 | MM27: 1 | MN27: =IF(ML27="","",ML27) -> 45860 | MO27: 45867 | MP27: 1 | MQ27: 45867 | MR27: 45904 | MS27: 1 | MT27: =MR27 -> 45904 | MV27: 0 | MX27: 0 | MY27: =MX27*$IS27/1000 -> 0 | MZ27: =+IF(MIN(LZ27,MD27,MH27,ML27,MO27,MR27,MU27)=0,"",MIN(LZ27,MD27,MH27,ML27,MO27,MR27,MU27)) -> 45846 | NA27: =IF(MX27=1,MAX(MW27),"") | NB27: 0 | NC27: =NB27*$IS27/1000 -> 0 | ND27: =+IF(MIN(MZ27,LX27,KV27,IU27)=0,"",MIN(MZ27,LX27,KV27,IU27)) -> 45833 | NE27: =+IF(IN27=1,MAX(IW27,KW27,LY27,NA27),"") -> 0 | NI27: 0 | NM27: 0 | NN27: =NM27*$IS27/1000 -> 0 | NQ27: 0 | NR27: =NQ27*$IS27/1000 -> 0 | NU27: 0 | NV27: =NU27*$IS27/1000 -> 0 | NX27: =IF(NU27=1,MAX(NT27),"") | NZ27: 0 | OC27: 0 | OF27: 0 | OI27: 1 | OL27: 0.5 | OO27: 1 | OR27: =PD27 -> 1 | OU27: 0 | OX27: 0 | OZ27: 45708 | PA27: 1 | PB27: =OZ27 -> 45708 | PC27: 45709 | PD27: 1 | PE27: 45709 | PG27: 0 | PI27: 45797 | PJ27: 1 | PK27: ='Seg Diario'!HJ27 -> 45896 | PL27: =PI27 -> 45797 | PM27: =PJ27 -> 1 | PN27: =PK27 -> 45896 | PO27: 0.045 | PP27: =+IF(MIN(OH27,OK27,ON27,OQ27,OT27,OW27,OZ27,PC27,PI27,PL27)=0,"",MIN(OH27,OK27,ON27,OQ27,OT27,OW27,OZ27,PC27,PI27,PL27)) -> 45708 | PQ27: =+IF(PO27=1,MAX(OJ27,OM27,OP27,OS27,OV27,OY27,PB27,PE27,PK27,PN27),"") | PT27: 45483 | PU27: 1 | PV27: 45483 | PW27: 45527 | PX27: 1 | PY27: 45527 | QA27: 0 | QD27: 0.5 | QF27: 0.93745 | QG27: =+IF(MIN(PT27,PW27,PZ27,QC27)=0,"",MIN(PT27,PW27,PZ27,QC27)) -> 45483 | QH27: =+IF(QF27=1,MAX(PV27,PY27,QB27,QE27),"") | QL27: =(JN27+JR27+JV27+JZ27+KD27+KH27)/3 -> 1 | QN27: =(JN27+JR27+JV27)/3 -> 1 | QO27: 45892 | QP27: 1 | QQ27: 45892 | QR27: 45911 | QS27: 1 | QT27: 45911
